bootstrap,env,bias,mae_base,w_ht,w_hn,w_ut,w_un,mae_full,delta_mae_full
0,healthy,1.0,0.1531448329843345,0.3319808188860199,0.250092216894135,0.0859461453338251,0.3319808188860199,0.1769855333726802,0.0238407003883456
0,unhealthy,1.0,0.1363777352078047,0.0794408455506307,0.3068530514831231,0.3068530514831231,0.3068530514831231,0.1721440865961259,0.0357663513883212
0,balanced,0.05,0.1511619368053751,0.3617363344051446,0.1828778135048231,0.272508038585209,0.1828778135048231,0.1657245711336446,0.0145626343282694
1,healthy,1.0,0.1725007177915756,0.2992056487202118,0.0044130626654898,0.3971756398940865,0.2992056487202118,0.1844423952444748,0.0119416774528991
1,unhealthy,0.8,0.1604501229720996,0.2992056487202118,0.0044130626654898,0.3971756398940865,0.2992056487202118,0.1451356554400298,-0.0153144675320698
1,balanced,0.08,0.1267688888570199,0.2851711026615969,0.214828897338403,0.2851711026615969,0.214828897338403,0.1557397758513836,0.0289708869943637
2,healthy,0.99,0.158859553141738,0.3319808188860199,0.16783474732571,0.2500922168941349,0.2500922168941349,0.1808247926876074,0.0219652395458694
2,unhealthy,0.91,0.1702538329823159,0.0936495176848874,0.1828778135048231,0.3617363344051447,0.3617363344051447,0.1762282896871639,0.005974456704848
2,balanced,0.04,0.1220447387677591,0.2008830022075055,0.2008830022075055,0.2008830022075055,0.3973509933774835,0.1351449372330895,0.0131001984653304
3,healthy,0.94,0.1254425805144669,0.2990736656374062,0.1027790030877812,0.2990736656374062,0.2990736656374062,0.1376995959751489,0.012257015460682
3,unhealthy,0.87,0.1494372392418471,0.1551312649164677,0.3068530514831231,0.3068530514831231,0.231162632117286,0.1878021850377432,0.0383649457958961
3,balanced,0.05,0.1144658805996277,0.4405286343612334,0.2227116984826236,0.2227116984826236,0.1140479686735193,0.1410009889229413,0.0265351083233136
4,healthy,1.0,0.1606862695840197,0.2723985536359984,0.0936118923262354,0.2723985536359984,0.3615910004017678,0.1972729390267483,0.0365866694427285
4,unhealthy,0.99,0.1428489582734648,0.231162632117286,0.3068530514831231,0.3068530514831231,0.1551312649164677,0.1566303039190624,0.0137813456455976
4,balanced,0.29,0.1472366349476402,0.1828778135048231,0.1828778135048231,0.272508038585209,0.3617363344051447,0.1566003460922556,0.0093637111446154
5,healthy,1.0,0.1564968923621363,0.3319808188860199,0.250092216894135,0.0859461453338251,0.3319808188860199,0.1882747913576121,0.0317778989954758
5,unhealthy,0.99,0.1552753709044659,0.2498627127951674,0.2498627127951674,0.3723228995057661,0.1279516749038989,0.1667299861606862,0.0114546152562203
5,balanced,0.99,0.1493312029960727,0.1457160725453408,0.1457160725453408,0.2845528455284552,0.424015009380863,0.1568399724081863,0.0075087694121135
6,healthy,0.94,0.1547231775167573,0.4242803504380476,0.2847309136420525,0.2847309136420525,0.0062578222778473,0.1852555311052845,0.0305323535885272
6,unhealthy,0.99,0.1652306324272552,0.1028243601059135,0.3971756398940865,0.2992056487202118,0.2007943512797881,0.1900025685346603,0.0247719361074051
6,balanced,0.21,0.1389792878548689,0.1828778135048231,0.3617363344051446,0.0936495176848874,0.3617363344051446,0.1436838165171303,0.0047045286622614
7,healthy,1.0,0.1233578360383395,0.4405286343612334,0.2227116984826235,0.3318649045521292,0.0048947626040137,0.1396747497390008,0.0163169137006612
7,unhealthy,0.99,0.1667548786192582,0.231162632117286,0.3068530514831231,0.3068530514831231,0.1551312649164677,0.1636202130671673,-0.0031346655520909
7,balanced,0.08,0.1336907444185047,0.3318649045521292,0.2227116984826236,0.2227116984826236,0.2227116984826236,0.1445785821899091,0.0108878377714043
8,healthy,1.0,0.1476361077892499,0.3068530514831231,0.0794408455506307,0.3068530514831231,0.3068530514831231,0.1682098854327275,0.0205737776434776
8,unhealthy,1.0,0.1714268471109295,0.1278814489571899,0.1278814489571899,0.37211855104281,0.37211855104281,0.164149092250796,-0.0072777548601335
8,balanced,0.05,0.1354012562004702,0.4403131115459883,0.1139921722113503,0.3317025440313112,0.1139921722113503,0.1447510302577044,0.0093497740572342
9,healthy,1.0,0.1615691256364425,0.2498627127951674,0.1279516749038989,0.1279516749038989,0.4942339373970346,0.1738838091306097,0.0123146834941671
9,unhealthy,1.0,0.1813189166482534,0.3319808188860199,0.250092216894135,0.3319808188860199,0.0859461453338251,0.1795764408006704,-0.001742475847583
9,balanced,0.01,0.1411518660871546,0.0205761316872428,0.0205761316872428,0.4794238683127572,0.4794238683127572,0.1653421184156484,0.0241902523284937
10,healthy,0.86,0.1499328699584653,0.3319808188860199,0.2500922168941349,0.2500922168941349,0.16783474732571,0.1780284545657098,0.0280955846072444
10,unhealthy,0.99,0.154152496297276,0.250092216894135,0.3319808188860199,0.3319808188860199,0.0859461453338251,0.148795772666609,-0.0053567236306669
10,balanced,0.09,0.1269878160327834,0.2664298401420959,0.2007104795737122,0.2664298401420959,0.2664298401420959,0.1585577063902835,0.0315698903575001
11,healthy,0.83,0.1638006023898063,0.2992056487202118,0.3971756398940865,0.1028243601059135,0.2007943512797881,0.1797523075515546,0.0159517051617482
11,unhealthy,0.86,0.1823953790008759,0.1278814489571899,0.1278814489571899,0.37211855104281,0.37211855104281,0.1917308687968355,0.0093354897959595
11,balanced,0.05,0.1392214847991828,0.3617363344051447,0.3617363344051447,0.0936495176848874,0.1828778135048231,0.1424019804637753,0.0031804956645925
12,healthy,0.98,0.1483675115871077,0.3068530514831231,0.0794408455506307,0.3068530514831231,0.3068530514831231,0.1698613480469883,0.0214938364598806
12,unhealthy,0.97,0.1668557398703479,0.0794408455506307,0.3068530514831231,0.3068530514831231,0.3068530514831231,0.2010677492122001,0.0342120093418521
12,balanced,0.02,0.1066955407719065,0.424015009380863,0.2845528455284553,0.1457160725453408,0.1457160725453408,0.1180636036003427,0.0113680628284361
13,healthy,0.9,0.144464304785415,0.3319808188860199,0.16783474732571,0.2500922168941349,0.2500922168941349,0.1808574506928384,0.0363931459074233
13,unhealthy,0.92,0.1618528146469735,0.3971756398940864,0.2992056487202117,0.2992056487202117,0.0044130626654898,0.1798177094123932,0.0179648947654197
13,balanced,0.23,0.1409072216291917,0.1028243601059135,0.2992056487202118,0.2007943512797881,0.3971756398940865,0.1291056391723423,-0.0118015824568493
14,healthy,1.0,0.1528497596209408,0.2019064124783362,0.0086655112651646,0.2019064124783362,0.587521663778163,0.1639474858319885,0.0110977262110476
14,unhealthy,1.0,0.1479604122277044,0.3971756398940864,0.2992056487202117,0.2992056487202117,0.0044130626654898,0.1411019763524737,-0.0068584358752306
14,balanced,0.51,0.1201649636579335,0.2019064124783362,0.2019064124783362,0.2019064124783362,0.3942807625649913,0.1351110705123461,0.0149461068544125
15,healthy,0.93,0.1890897922077766,0.250092216894135,0.0859461453338251,0.3319808188860199,0.3319808188860199,0.1820486883039341,-0.0070411039038424
15,unhealthy,1.0,0.1511112673549508,0.1828778135048231,0.1828778135048231,0.3617363344051446,0.272508038585209,0.1657071370592587,0.0145958697043079
15,balanced,0.08,0.1013495278394707,0.250092216894135,0.16783474732571,0.3319808188860199,0.250092216894135,0.1343354702027217,0.032985942363251
16,healthy,1.0,0.1262119602641163,0.3068530514831231,0.231162632117286,0.1551312649164677,0.3068530514831231,0.1494684953600869,0.0232565350959706
16,unhealthy,0.9,0.1465583746081376,0.0040192926045016,0.3617363344051447,0.272508038585209,0.3617363344051447,0.1603584153350263,0.0138000407268887
16,balanced,0.0,0.1148367995892843,0.1828778135048231,0.3617363344051446,0.0936495176848874,0.3617363344051446,0.1542907280538854,0.0394539284646011
17,healthy,1.0,0.148620671736811,0.2992056487202118,0.1028243601059135,0.2007943512797881,0.3971756398940865,0.1899571087650033,0.0413364370281922
17,unhealthy,0.79,0.1720323638369253,0.3319808188860199,0.250092216894135,0.3319808188860199,0.0859461453338251,0.1810860818785476,0.0090537180416222
17,balanced,0.06,0.1128103331270049,0.0062578222778473,0.2847309136420525,0.1458072590738423,0.5632040050062578,0.1242230400372188,0.0114127069102139
18,healthy,1.0,0.1820695585454852,0.3617363344051446,0.1828778135048231,0.0936495176848874,0.3617363344051446,0.2020087738672509,0.0199392153217657
18,unhealthy,1.0,0.1342996176007619,0.231162632117286,0.3068530514831231,0.3068530514831231,0.1551312649164677,0.1565710103044184,0.0222713927036564
18,balanced,0.11,0.1031185511391675,0.250092216894135,0.16783474732571,0.250092216894135,0.3319808188860199,0.1271864951852344,0.0240679440460669
19,healthy,1.0,0.1422903587840242,0.3319808188860199,0.250092216894135,0.0859461453338251,0.3319808188860199,0.1681469348806192,0.0258565760965949
19,unhealthy,0.87,0.1666212335950565,0.0048947626040137,0.4405286343612334,0.2227116984826236,0.3318649045521292,0.1398496842211683,-0.0267715493738881
19,balanced,0.08,0.1337648665531973,0.3319808188860199,0.16783474732571,0.2500922168941349,0.2500922168941349,0.1500195359819842,0.0162546694287868
20,healthy,0.89,0.1585573014369483,0.3067484662576686,0.231083844580777,0.231083844580777,0.231083844580777,0.1795279220596096,0.0209706206226612
20,unhealthy,0.95,0.1754301898192764,0.0044130626654898,0.2992056487202118,0.2992056487202118,0.3971756398940865,0.190166111372676,0.0147359215533996
20,balanced,0.0,0.1249174583791886,0.2723985536359984,0.3615910004017678,0.0936118923262354,0.2723985536359984,0.1416667454047306,0.016749287025542
21,healthy,0.87,0.1756450671541172,0.3615910004017678,0.2723985536359984,0.2723985536359984,0.0936118923262354,0.1648254305229842,-0.0108196366311329
21,unhealthy,0.86,0.1459492936792988,0.1551312649164677,0.3068530514831231,0.3068530514831231,0.231162632117286,0.1809730993576944,0.0350238056783955
21,balanced,0.19,0.1158513631594342,0.1828778135048231,0.1828778135048231,0.272508038585209,0.3617363344051447,0.1371023946943952,0.0212510315349609
22,healthy,0.81,0.1646170967946001,0.2227116984826236,0.0048947626040137,0.3318649045521292,0.4405286343612334,0.192227886718341,0.0276107899237408
22,unhealthy,1.0,0.1789917460599431,0.0936118923262354,0.3615910004017678,0.2723985536359984,0.2723985536359984,0.189569577078293,0.0105778310183498
22,balanced,0.09,0.1333450347522284,0.2019064124783362,0.2019064124783362,0.2019064124783362,0.3942807625649913,0.1350968179996919,0.0017517832474635
23,healthy,0.93,0.1625422016290727,0.3946227233304423,0.588031222896791,0.0086730268863833,0.0086730268863833,0.1525393824951936,-0.0100028191338791
23,unhealthy,1.0,0.1844522542095921,0.0936118923262354,0.3615910004017678,0.2723985536359984,0.2723985536359984,0.2074651463779236,0.0230128921683314
23,balanced,0.21,0.1368408949642375,0.3723228995057661,0.1279516749038989,0.2498627127951674,0.2498627127951674,0.1488440706923086,0.012003175728071
24,healthy,0.99,0.1500145444913153,0.3068530514831231,0.231162632117286,0.1551312649164677,0.3068530514831231,0.1573205661136874,0.007306021622372
24,unhealthy,0.99,0.1550267546484557,0.1678966789667896,0.3321033210332103,0.3321033210332103,0.1678966789667896,0.1373532407580339,-0.0176735138904217
24,balanced,0.17,0.1340145269203168,0.3721185510428101,0.1278814489571899,0.3721185510428101,0.1278814489571899,0.1474186252873034,0.0134040983669865
25,healthy,1.0,0.1463478052657576,0.3306686046511627,0.1693313953488372,0.1693313953488372,0.3306686046511627,0.1451751616691511,-0.0011726435966065
25,unhealthy,0.86,0.1761886065734211,0.3318649045521292,0.4405286343612334,0.2227116984826235,0.0048947626040137,0.1965749136345806,0.0203863070611594
25,balanced,0.06,0.1095998755205986,0.2310838445807771,0.2310838445807771,0.2310838445807771,0.3067484662576687,0.1075232364089788,-0.0020766391116197
26,healthy,1.0,0.1444530219867469,0.3068530514831231,0.1551312649164677,0.231162632117286,0.3068530514831231,0.1725127806394601,0.0280597586527132
26,unhealthy,0.78,0.1544536887521992,0.3319808188860199,0.0859461453338251,0.3319808188860199,0.250092216894135,0.1827696741476734,0.0283159853954741
26,balanced,0.2,0.1233740956166095,0.3319808188860199,0.2500922168941349,0.16783474732571,0.2500922168941349,0.1122588219797234,-0.011115273636886
27,healthy,1.0,0.1393203005521017,0.3317025440313111,0.3317025440313111,0.1139921722113502,0.2226027397260273,0.1549753912963453,0.0156550907442436
27,unhealthy,0.83,0.1539986334468489,0.0048947626040137,0.3318649045521292,0.2227116984826236,0.4405286343612334,0.1797394995845172,0.0257408661376683
27,balanced,0.04,0.129841171750654,0.2310838445807771,0.2310838445807771,0.2310838445807771,0.3067484662576687,0.1477482513721953,0.0179070796215413
28,healthy,0.9,0.1325078506457525,0.3973509933774834,0.2008830022075055,0.3973509933774834,0.0044150110375275,0.1376804747546183,0.0051726241088658
28,unhealthy,0.95,0.1506983908415407,0.250092216894135,0.16783474732571,0.3319808188860199,0.250092216894135,0.1814700846465656,0.0307716938050249
28,balanced,0.13,0.128213719755191,0.0072674418604651,0.1693313953488372,0.3306686046511627,0.4927325581395348,0.1408707629483903,0.0126570431931992
29,healthy,0.81,0.164471568840999,0.2227116984826236,0.1140479686735193,0.2227116984826236,0.4405286343612334,0.1652860386446887,0.0008144698036897
29,unhealthy,0.76,0.1597257861991041,0.2847309136420525,0.2847309136420525,0.2847309136420525,0.1458072590738423,0.1707520624084333,0.0110262762093291
29,balanced,0.01,0.1414778374185467,0.1457160725453408,0.1457160725453408,0.2845528455284552,0.424015009380863,0.1605976948505806,0.0191198574320339
30,healthy,0.84,0.1656260321130502,0.250092216894135,0.3319808188860199,0.0859461453338251,0.3319808188860199,0.1956420360786455,0.0300160039655953
30,unhealthy,0.89,0.1716967422285633,0.2723985536359984,0.3615910004017678,0.2723985536359984,0.0936118923262354,0.1763164124533504,0.004619670224787
30,balanced,0.13,0.122763110732092,0.250092216894135,0.3319808188860199,0.0859461453338251,0.3319808188860199,0.1303337030399676,0.0075705923078755
31,healthy,0.99,0.1857235669043093,0.3068530514831231,0.3068530514831231,0.0794408455506307,0.3068530514831231,0.1865859739061056,0.0008624070017962
31,unhealthy,0.89,0.1780710799598595,0.2990736656374062,0.2990736656374062,0.2990736656374062,0.1027790030877812,0.1873399091622613,0.0092688292024017
31,balanced,0.18,0.1369021592925448,0.3617363344051446,0.272508038585209,0.1828778135048231,0.1828778135048231,0.1529651945756227,0.0160630352830778
32,healthy,0.99,0.1563358189135772,0.272508038585209,0.1828778135048231,0.1828778135048231,0.3617363344051447,0.1618647998565139,0.0055289809429366
32,unhealthy,0.84,0.1584149592819917,0.0054914881933003,0.3723228995057661,0.2498627127951674,0.3723228995057661,0.1693375168264344,0.0109225575444427
32,balanced,0.04,0.1428230369310341,0.3317025440313111,0.1139921722113502,0.3317025440313111,0.2226027397260273,0.1757266707992373,0.0329036338682031
33,healthy,1.0,0.1813803230641951,0.3319808188860199,0.0859461453338251,0.3319808188860199,0.250092216894135,0.1889555644169157,0.0075752413527206
33,unhealthy,0.94,0.1364995207616844,0.4405286343612334,0.2227116984826235,0.3318649045521292,0.0048947626040137,0.1375960987570635,0.0010965779953791
33,balanced,0.03,0.1131238337069936,0.424015009380863,0.1457160725453408,0.2845528455284553,0.1457160725453408,0.1271794365385128,0.0140556028315191
34,healthy,0.94,0.1484256334421541,0.272508038585209,0.1828778135048231,0.1828778135048231,0.3617363344051447,0.1709848380814805,0.0225592046393263
34,unhealthy,0.9,0.1620293904045401,0.0054914881933003,0.1279516749038989,0.3723228995057661,0.4942339373970346,0.172504661821002,0.0104752714164618
34,balanced,0.11,0.128050898452403,0.2851711026615969,0.214828897338403,0.2851711026615969,0.214828897338403,0.1360235085002773,0.0079726100478742
35,healthy,0.99,0.1656534475866286,0.3615910004017678,0.2723985536359984,0.0936118923262354,0.2723985536359984,0.1903021840351959,0.0246487364485672
35,unhealthy,0.88,0.1437453165117585,0.2500922168941349,0.2500922168941349,0.3319808188860199,0.16783474732571,0.1646532627782766,0.020907946266518
35,balanced,0.12,0.1166994300013002,0.250092216894135,0.16783474732571,0.250092216894135,0.3319808188860199,0.1431373689007893,0.0264379388994891
36,healthy,0.97,0.1398505658794199,0.3068530514831231,0.3068530514831231,0.0794408455506307,0.3068530514831231,0.1754509064476127,0.0356003405681928
36,unhealthy,0.99,0.152930623959418,0.1028243601059135,0.3971756398940865,0.2992056487202118,0.2007943512797881,0.1600914428930581,0.00716081893364
36,balanced,0.02,0.1237611988807181,0.2723985536359984,0.0936118923262354,0.3615910004017678,0.2723985536359984,0.1332651459939702,0.0095039471132521
37,healthy,1.0,0.1658872740854444,0.1693313953488372,0.1693313953488372,0.0072674418604651,0.6540697674418605,0.1672346707479619,0.0013473966625174
37,unhealthy,1.0,0.1412725852422748,0.1551312649164677,0.3068530514831231,0.3068530514831231,0.231162632117286,0.1575129426648222,0.0162403574225474
37,balanced,0.09,0.1225884326452875,0.3942807625649913,0.2019064124783362,0.2019064124783362,0.2019064124783362,0.1285331578908893,0.0059447252456017
38,healthy,1.0,0.1612493796749841,0.2502685284640172,0.0107411385606874,0.2502685284640172,0.4887218045112782,0.1708979849088077,0.0096486052338236
38,unhealthy,0.99,0.139279092625851,0.1693313953488372,0.6540697674418605,0.1693313953488372,0.0072674418604651,0.140326508315398,0.001047415689547
38,balanced,0.04,0.1305032375158667,0.3068530514831231,0.231162632117286,0.1551312649164677,0.3068530514831231,0.1555390292487558,0.0250357917328891
39,healthy,1.0,0.1532937372947956,0.4945054945054944,0.0054945054945054,0.4945054945054944,0.0054945054945054,0.1427576369851442,-0.0105361003096514
39,unhealthy,1.0,0.1563441371170321,0.2007943512797881,0.3971756398940864,0.2992056487202117,0.1028243601059134,0.1818301131011952,0.025485975984163
39,balanced,0.08,0.1284151304655791,0.3617363344051446,0.272508038585209,0.1828778135048231,0.1828778135048231,0.1248363360622059,-0.0035787944033731
40,healthy,0.96,0.1612377035245925,0.2227116984826236,0.3318649045521292,0.0048947626040137,0.4405286343612334,0.1800185445910026,0.0187808410664101
40,unhealthy,1.0,0.1628335018832477,0.0072674418604651,0.6540697674418605,0.1693313953488372,0.1693313953488372,0.1820967246961721,0.0192632228129243
40,balanced,0.12,0.1305008836577585,0.3318649045521292,0.4405286343612334,0.0048947626040137,0.2227116984826236,0.1337168343939634,0.0032159507362049
41,healthy,0.82,0.1411903312371185,0.3068530514831231,0.1551312649164677,0.231162632117286,0.3068530514831231,0.1450253206083527,0.0038349893712341
41,unhealthy,0.99,0.1580535179812051,0.0141043723554301,0.3286318758815233,0.3286318758815233,0.3286318758815233,0.1615859262363249,0.0035324082551197
41,balanced,0.0,0.1161237424480109,0.2992056487202118,0.2007943512797881,0.2992056487202118,0.2007943512797881,0.1274403494868481,0.0113166070388372
42,healthy,0.9,0.1904047100985942,0.2723985536359984,0.2723985536359984,0.0936118923262354,0.3615910004017678,0.2081245535161267,0.0177198434175325
42,unhealthy,0.98,0.1689174202722438,0.0141043723554301,0.3286318758815233,0.3286318758815233,0.3286318758815233,0.1891184597336709,0.020201039461427
42,balanced,0.12,0.1142123387821072,0.3067484662576686,0.231083844580777,0.231083844580777,0.231083844580777,0.1439064023572143,0.029694063575107
43,healthy,0.79,0.1427047178798547,0.2851711026615969,0.214828897338403,0.214828897338403,0.2851711026615969,0.1596832260340589,0.0169785081542042
43,unhealthy,0.85,0.1506062236497032,0.2723985536359984,0.3615910004017678,0.2723985536359984,0.0936118923262354,0.152914094994162,0.0023078713444587
43,balanced,0.06,0.1058675298002024,0.2723985536359984,0.1828043390920048,0.2723985536359984,0.2723985536359984,0.1552129108887439,0.0493453810885414
44,healthy,1.0,0.1363994247643611,0.3319808188860199,0.0859461453338251,0.250092216894135,0.3319808188860199,0.1510941040853812,0.01469467932102
44,unhealthy,1.0,0.1438034160505864,0.250092216894135,0.3319808188860199,0.3319808188860199,0.0859461453338251,0.1758377295485785,0.0320343134979921
44,balanced,0.96,0.1339177746804309,0.1457160725453408,0.1457160725453408,0.2845528455284552,0.424015009380863,0.1617248567890705,0.0278070821086395
45,healthy,1.0,0.154620202500112,0.3319808188860199,0.0859461453338251,0.3319808188860199,0.250092216894135,0.170643583544422,0.01602338104431
45,unhealthy,0.89,0.1535865958357527,0.1551312649164677,0.3068530514831231,0.3068530514831231,0.231162632117286,0.1909286445902973,0.0373420487545446
45,balanced,0.01,0.1421982665381783,0.4405286343612334,0.2227116984826236,0.2227116984826236,0.1140479686735193,0.1540046457558205,0.0118063792176421
46,healthy,0.99,0.170665138736984,0.2723985536359984,0.2723985536359984,0.0936118923262354,0.3615910004017678,0.2004117141457479,0.0297465754087639
46,unhealthy,0.77,0.1936953366215147,0.0936118923262354,0.2723985536359984,0.2723985536359984,0.3615910004017678,0.2063232014488261,0.0126278648273114
46,balanced,0.06,0.1293045332999607,0.2310838445807771,0.2310838445807771,0.2310838445807771,0.3067484662576687,0.1423750401297974,0.0130705068298367
47,healthy,1.0,0.1338227831618965,0.3068530514831231,0.231162632117286,0.1551312649164677,0.3068530514831231,0.1453137333440775,0.011490950182181
47,unhealthy,1.0,0.156563995070272,0.1551312649164677,0.3068530514831231,0.3068530514831231,0.231162632117286,0.166863431338687,0.010299436268415
47,balanced,0.01,0.1336489646747056,0.2664298401420959,0.2664298401420959,0.2007104795737122,0.2664298401420959,0.155747103812135,0.0220981391374293
48,healthy,0.81,0.1623254737333542,0.250092216894135,0.0859461453338251,0.3319808188860199,0.3319808188860199,0.1938816772773408,0.0315562035439865
48,unhealthy,0.76,0.1675092118708992,0.1028243601059135,0.2007943512797881,0.2992056487202118,0.3971756398940865,0.1699991219553019,0.0024899100844027
48,balanced,0.11,0.122848370078344,0.2227116984826236,0.2227116984826236,0.2227116984826236,0.3318649045521292,0.1276817611501683,0.0048333910718243
49,healthy,1.0,0.1298092772903201,0.2845528455284552,0.1457160725453408,0.1457160725453408,0.424015009380863,0.157757703976528,0.0279484266862079
49,unhealthy,0.89,0.1248602477445473,0.1828778135048231,0.3617363344051446,0.272508038585209,0.1828778135048231,0.1349595338534887,0.0100992861089413
49,balanced,0.11,0.1196022566263704,0.2847309136420525,0.1458072590738423,0.2847309136420525,0.2847309136420525,0.1377652698682464,0.018163013241876
50,healthy,0.84,0.1625285130330205,0.250092216894135,0.16783474732571,0.250092216894135,0.3319808188860199,0.1889683953004891,0.0264398822674686
50,unhealthy,0.79,0.1775908921399497,0.214828897338403,0.2851711026615969,0.2851711026615969,0.214828897338403,0.1954461502310486,0.0178552580910989
50,balanced,0.1,0.1121596730888296,0.1140479686735193,0.2227116984826236,0.2227116984826236,0.4405286343612334,0.1500313829831859,0.0378717098943563
51,healthy,1.0,0.1533837507296454,0.3319808188860199,0.0859461453338251,0.250092216894135,0.3319808188860199,0.1575912400793533,0.0042074893497079
51,unhealthy,0.89,0.1597372592857322,0.231162632117286,0.3068530514831231,0.3068530514831231,0.1551312649164677,0.1744035512887061,0.0146662920029738
51,balanced,0.08,0.1269358045590617,0.3318649045521292,0.2227116984826236,0.2227116984826236,0.2227116984826236,0.1451003243726684,0.0181645198136067
52,healthy,0.71,0.1503772323127952,0.231162632117286,0.1551312649164677,0.3068530514831231,0.3068530514831231,0.1733814517598307,0.0230042194470355
52,unhealthy,0.87,0.1897097444360503,0.2227116984826236,0.4405286343612334,0.2227116984826236,0.1140479686735193,0.2015755637610787,0.0118658193250283
52,balanced,0.02,0.1514568502754728,0.2226027397260273,0.1139921722113502,0.3317025440313111,0.3317025440313111,0.1646388379560881,0.0131819876806152
53,healthy,0.99,0.1524840153615838,0.3617363344051447,0.0936495176848874,0.1828778135048231,0.3617363344051447,0.1593306162120601,0.0068466008504762
53,unhealthy,0.88,0.1327956757361163,0.1551312649164677,0.3068530514831231,0.3068530514831231,0.231162632117286,0.1813294264307604,0.048533750694644
53,balanced,0.3,0.1200412072954321,0.2007943512797881,0.3971756398940865,0.1028243601059135,0.2992056487202118,0.1207689801536807,0.0007277728582485
54,healthy,0.98,0.1555128415596528,0.3068530514831231,0.0794408455506307,0.3068530514831231,0.3068530514831231,0.166313717366047,0.0108008758063942
54,unhealthy,0.86,0.1620665065984836,0.3068530514831231,0.3068530514831231,0.3068530514831231,0.0794408455506307,0.2151523726264251,0.0530858660279414
54,balanced,0.17,0.1453375732222881,0.2723985536359984,0.3615910004017678,0.0936118923262354,0.2723985536359984,0.1452552375297185,-8.233569256957396e-05
55,healthy,1.0,0.1637445441764874,0.3068530514831231,0.3068530514831231,0.0794408455506307,0.3068530514831231,0.1688911875276881,0.0051466433512006
55,unhealthy,0.87,0.159755954274861,0.0794408455506307,0.3068530514831231,0.3068530514831231,0.3068530514831231,0.1914590641915533,0.0317031099166922
55,balanced,0.16,0.150795711044457,0.1140479686735193,0.2227116984826236,0.2227116984826236,0.4405286343612334,0.1425769152368,-0.0082187958076569
56,healthy,1.0,0.1630675616769776,0.3068530514831231,0.3068530514831231,0.0794408455506307,0.3068530514831231,0.1897784263667125,0.0267108646897349
56,unhealthy,0.89,0.1870886392590624,0.214828897338403,0.2851711026615969,0.2851711026615969,0.214828897338403,0.2171627479275885,0.0300741086685261
56,balanced,0.0,0.1292962952293564,0.3318649045521292,0.0048947626040137,0.4405286343612334,0.2227116984826236,0.1454058260753857,0.0161095308460292
57,healthy,1.0,0.1242313173640979,0.3317025440313111,0.2226027397260273,0.1139921722113502,0.3317025440313111,0.1478626881538715,0.0236313707897736
57,unhealthy,0.98,0.1518075553922707,0.3318649045521292,0.0048947626040137,0.4405286343612334,0.2227116984826236,0.1768568109785738,0.0250492555863031
57,balanced,0.04,0.1216534238850932,0.3617363344051446,0.1828778135048231,0.272508038585209,0.1828778135048231,0.1330532499135985,0.0113998260285053
58,healthy,1.0,0.1599088867185327,0.2992056487202118,0.1028243601059135,0.2007943512797881,0.3971756398940865,0.1515953061855379,-0.0083135805329948
58,unhealthy,0.99,0.1634169959558948,0.2723985536359984,0.3615910004017678,0.2723985536359984,0.0936118923262354,0.1671547974171208,0.0037378014612259
58,balanced,0.01,0.1407797074213787,0.1140479686735193,0.2227116984826236,0.2227116984826236,0.4405286343612334,0.150303547816316,0.0095238403949373
59,healthy,0.83,0.170803800417582,0.2992056487202118,0.3971756398940865,0.1028243601059135,0.2007943512797881,0.1964869148007786,0.0256831143831965
59,unhealthy,0.85,0.1435867251607283,0.0054914881933003,0.1279516749038989,0.3723228995057661,0.4942339373970346,0.1697149545635654,0.0261282294028371
59,balanced,0.08,0.1178876488181594,0.424015009380863,0.2845528455284553,0.1457160725453408,0.1457160725453408,0.1431322672011464,0.025244618382987
60,healthy,0.98,0.1511872988579977,0.2723985536359984,0.2723985536359984,0.0936118923262354,0.3615910004017678,0.1667622561594023,0.0155749573014045
60,unhealthy,1.0,0.1617991529781001,0.3068530514831231,0.3068530514831231,0.3068530514831231,0.0794408455506307,0.161443663054303,-0.0003554899237971
60,balanced,0.0,0.1223994752034138,0.3617363344051447,0.0936495176848874,0.3617363344051447,0.1828778135048231,0.1367302006519512,0.0143307254485373
61,healthy,0.92,0.1924655165682114,0.2852614896988906,0.2852614896988906,0.144215530903328,0.2852614896988906,0.2246087953460242,0.0321432787778128
61,unhealthy,0.92,0.1448097934249948,0.231162632117286,0.3068530514831231,0.3068530514831231,0.1551312649164677,0.1443477093814198,-0.000462084043575
61,balanced,0.54,0.1214700736199676,0.3617363344051446,0.1828778135048231,0.272508038585209,0.1828778135048231,0.1208894673392991,-0.0005806062806684
62,healthy,0.92,0.1667457112698342,0.272508038585209,0.1828778135048231,0.1828778135048231,0.3617363344051447,0.1893145245193635,0.0225688132495292
62,unhealthy,0.78,0.1253892757569842,0.250092216894135,0.16783474732571,0.3319808188860199,0.250092216894135,0.1504876443662468,0.0250983686092626
62,balanced,0.11,0.1236586358096304,0.1457160725453408,0.2845528455284552,0.1457160725453408,0.424015009380863,0.1325837557585189,0.0089251199488884
63,healthy,0.99,0.1712145522920422,0.3068530514831231,0.231162632117286,0.1551312649164677,0.3068530514831231,0.1675412866405987,-0.0036732656514435
63,unhealthy,1.0,0.1520712188183975,0.250092216894135,0.3319808188860199,0.3319808188860199,0.0859461453338251,0.1682378812209367,0.0161666624025391
63,balanced,0.11,0.1638943253233042,0.231162632117286,0.3068530514831231,0.1551312649164677,0.3068530514831231,0.1716491928942902,0.0077548675709859
64,healthy,0.91,0.1920892341979435,0.2227116984826236,0.3318649045521292,0.0048947626040137,0.4405286343612334,0.1951401232735608,0.0030508890756172
64,unhealthy,0.88,0.1788871281956676,0.0859461453338251,0.3319808188860199,0.3319808188860199,0.250092216894135,0.2046355098397467,0.025748381644079
64,balanced,0.02,0.1398325457039997,0.3971756398940865,0.1028243601059135,0.2992056487202118,0.2007943512797881,0.1324187935034687,-0.0074137522005309
65,healthy,0.9,0.1525394335707358,0.3068530514831231,0.1551312649164677,0.231162632117286,0.3068530514831231,0.1682229208356921,0.0156834872649563
65,unhealthy,0.99,0.2031788510569259,0.1028243601059135,0.3971756398940865,0.2992056487202118,0.2007943512797881,0.2075154306125283,0.0043365795556023
65,balanced,0.19,0.1124120151434491,0.3317025440313111,0.3317025440313111,0.1139921722113502,0.2226027397260273,0.1394007294552574,0.0269887143118082
66,healthy,0.9,0.184815663979515,0.2664298401420959,0.2007104795737122,0.2664298401420959,0.2664298401420959,0.1920842761512271,0.0072686121717121
66,unhealthy,0.85,0.1912045791411727,0.1828778135048231,0.3617363344051446,0.272508038585209,0.1828778135048231,0.1977394342289436,0.0065348550877709
66,balanced,0.12,0.1302744615167306,0.3319808188860199,0.3319808188860199,0.0859461453338251,0.250092216894135,0.1353824128752682,0.0051079513585376
67,healthy,1.0,0.1484419449394327,0.3617363344051446,0.0040192926045016,0.3617363344051446,0.272508038585209,0.1987363519478177,0.050294407008385
67,unhealthy,0.99,0.1680057690148674,0.0794408455506307,0.3068530514831231,0.3068530514831231,0.3068530514831231,0.1742796290595348,0.0062738600446674
67,balanced,0.1,0.1282294920109428,0.2723985536359984,0.1828043390920048,0.2723985536359984,0.2723985536359984,0.1420867863021633,0.0138572942912204
68,healthy,0.93,0.1602359058340215,0.3068530514831231,0.0794408455506307,0.3068530514831231,0.3068530514831231,0.173395527082365,0.0131596212483435
68,unhealthy,1.0,0.1379077721485478,0.2992056487202119,0.2007943512797882,0.3971756398940865,0.1028243601059135,0.1263123931845091,-0.0115953789640386
68,balanced,0.09,0.110673976776037,0.1457160725453408,0.1457160725453408,0.2845528455284552,0.424015009380863,0.13264658040973,0.0219726036336929
69,healthy,1.0,0.1537226271285437,0.2723985536359984,0.0936118923262354,0.2723985536359984,0.3615910004017678,0.1505680048527246,-0.003154622275819
69,unhealthy,0.78,0.1800427578589598,0.1828778135048231,0.3617363344051446,0.272508038585209,0.1828778135048231,0.202002561474524,0.0219598036155641
69,balanced,0.07,0.1175154981867466,0.2847309136420525,0.1458072590738423,0.2847309136420525,0.2847309136420525,0.1460733839241604,0.0285578857374137
70,healthy,0.73,0.1662267653786582,0.3317025440313111,0.1139921722113502,0.3317025440313111,0.2226027397260273,0.170180436387686,0.0039536710090277
70,unhealthy,1.0,0.1846063345264395,0.0048947626040137,0.4405286343612334,0.2227116984826236,0.3318649045521292,0.1843486207243459,-0.0002577138020936
70,balanced,0.35,0.1153078641164222,0.3319808188860199,0.16783474732571,0.2500922168941349,0.2500922168941349,0.1318882831368466,0.0165804190204243
71,healthy,0.99,0.1315934542103715,0.2992056487202118,0.2007943512797881,0.1028243601059135,0.3971756398940865,0.1503323074055423,0.0187388531951707
71,unhealthy,0.99,0.1566925859686342,0.2007943512797881,0.3971756398940864,0.2992056487202117,0.1028243601059134,0.1593414007274008,0.0026488147587665
71,balanced,0.17,0.1234052878558162,0.250092216894135,0.16783474732571,0.250092216894135,0.3319808188860199,0.1336514129762795,0.0102461251204633
72,healthy,0.95,0.1627751622246959,0.3721185510428101,0.1278814489571899,0.3721185510428101,0.1278814489571899,0.1884131143981287,0.0256379521734327
72,unhealthy,1.0,0.1531893226911749,0.1139921722113502,0.2226027397260273,0.3317025440313111,0.3317025440313111,0.1609431922495685,0.0077538695583935
72,balanced,0.04,0.1393533386145292,0.1828778135048231,0.272508038585209,0.1828778135048231,0.3617363344051447,0.1731499884419806,0.0337966498274513
73,healthy,1.0,0.1636291109066487,0.3068530514831231,0.3068530514831231,0.0794408455506307,0.3068530514831231,0.1774022461613735,0.0137731352547247
73,unhealthy,0.99,0.1635069195085823,0.2007943512797881,0.3971756398940864,0.2992056487202117,0.1028243601059134,0.1840753516014088,0.0205684320928265
73,balanced,0.02,0.1184230940842868,0.3068530514831231,0.1551312649164677,0.3068530514831231,0.231162632117286,0.1388346948817124,0.0204116007974256
74,healthy,1.0,0.1868167380162452,0.1693313953488372,0.0072674418604651,0.1693313953488372,0.6540697674418605,0.1773603908151754,-0.0094563472010698
74,unhealthy,0.77,0.1838332924039672,0.3319808188860199,0.3319808188860199,0.250092216894135,0.0859461453338251,0.1854716009609831,0.0016383085570158
74,balanced,0.0,0.1424779329996302,0.231162632117286,0.1551312649164677,0.3068530514831231,0.3068530514831231,0.1580176033066335,0.0155396703070033
75,healthy,0.98,0.1607336618620911,0.3068530514831231,0.231162632117286,0.1551312649164677,0.3068530514831231,0.1601409578567559,-0.0005927040053352
75,unhealthy,0.89,0.1829596112571946,0.0794408455506307,0.3068530514831231,0.3068530514831231,0.3068530514831231,0.2006007074294205,0.0176410961722259
75,balanced,0.23,0.1175143108617885,0.1139921722113502,0.1139921722113502,0.3317025440313111,0.4403131115459882,0.1517753889598146,0.034261078098026
76,healthy,0.89,0.1576131642829394,0.2227116984826236,0.1140479686735193,0.2227116984826236,0.4405286343612334,0.1768134451581792,0.0192002808752398
76,unhealthy,0.99,0.1706267926773496,0.250092216894135,0.3319808188860199,0.3319808188860199,0.0859461453338251,0.1778335119302571,0.0072067192529074
76,balanced,0.08,0.1233440093539367,0.0086655112651646,0.2019064124783362,0.2019064124783362,0.587521663778163,0.1327381614496389,0.0093941520957021
77,healthy,0.91,0.1803638086632461,0.2723985536359984,0.2723985536359984,0.0936118923262354,0.3615910004017678,0.1737824736899802,-0.0065813349732659
77,unhealthy,0.85,0.1583038563964793,0.0048947626040137,0.4405286343612334,0.2227116984826236,0.3318649045521292,0.1724302195073286,0.0141263631108492
77,balanced,0.04,0.1310766818889132,0.4405286343612334,0.2227116984826236,0.2227116984826236,0.1140479686735193,0.1456604158522684,0.0145837339633552
78,healthy,0.91,0.17430599443736,0.250092216894135,0.0859461453338251,0.3319808188860199,0.3319808188860199,0.1842186014073429,0.0099126069699829
78,unhealthy,0.8,0.163557532213672,0.214828897338403,0.2851711026615969,0.2851711026615969,0.214828897338403,0.195286579682503,0.0317290474688309
78,balanced,0.0,0.1366326620408789,0.2310838445807771,0.2310838445807771,0.2310838445807771,0.3067484662576687,0.1509414820103882,0.0143088199695092
79,healthy,0.83,0.1420796522035247,0.272508038585209,0.1828778135048231,0.1828778135048231,0.3617363344051447,0.1630949812525825,0.0210153290490577
79,unhealthy,0.8,0.169032497010073,0.3318649045521292,0.4405286343612334,0.2227116984826235,0.0048947626040137,0.1735139879619507,0.0044814909518776
79,balanced,0.14,0.1369871286779307,0.3319808188860199,0.16783474732571,0.2500922168941349,0.2500922168941349,0.1185748495585463,-0.0184122791193844
80,healthy,1.0,0.1384171709931108,0.272508038585209,0.3617363344051446,0.0040192926045016,0.3617363344051446,0.1584948968100376,0.0200777258169268
80,unhealthy,0.99,0.1695374705196772,0.1551312649164677,0.3068530514831231,0.3068530514831231,0.231162632117286,0.193447588598624,0.0239101180789468
80,balanced,0.1,0.1583863038884658,0.1457160725453408,0.1457160725453408,0.2845528455284552,0.424015009380863,0.1745995933045701,0.0162132894161042
81,healthy,0.93,0.1539312745999539,0.3306686046511627,0.1693313953488372,0.1693313953488372,0.3306686046511627,0.1837966338433534,0.0298653592433995
81,unhealthy,0.8,0.1437598563771002,0.144215530903328,0.2852614896988906,0.2852614896988906,0.2852614896988906,0.1655249821778996,0.0217651258007993
81,balanced,0.09,0.1389444862084039,0.3319808188860199,0.2500922168941349,0.16783474732571,0.2500922168941349,0.1456790932135507,0.0067346070051468
82,healthy,0.94,0.1768051129369864,0.4405286343612334,0.4405286343612334,0.1140479686735193,0.0048947626040137,0.1946864755214716,0.0178813625844852
82,unhealthy,1.0,0.1317304971046567,0.0859461453338251,0.3319808188860199,0.3319808188860199,0.250092216894135,0.146846911856654,0.0151164147519972
82,balanced,0.17,0.132859098169507,0.1457160725453408,0.2845528455284552,0.1457160725453408,0.424015009380863,0.1334945831701662,0.0006354850006591
83,healthy,1.0,0.142088658740815,0.3319808188860199,0.0859461453338251,0.250092216894135,0.3319808188860199,0.1530478763183416,0.0109592175775265
83,unhealthy,1.0,0.1329096100991272,0.3068530514831231,0.3068530514831231,0.3068530514831231,0.0794408455506307,0.1651909411381449,0.0322813310390177
83,balanced,0.23,0.1259885494680952,0.3319808188860199,0.3319808188860199,0.0859461453338251,0.250092216894135,0.1440677297403605,0.0180791802722652
84,healthy,0.99,0.1281181298528881,0.4887218045112781,0.2502685284640172,0.2502685284640172,0.0107411385606874,0.1564573892246057,0.0283392593717176
84,unhealthy,0.83,0.1722244314697719,0.3318649045521292,0.4405286343612334,0.2227116984826235,0.0048947626040137,0.1841073326379836,0.0118829011682116
84,balanced,0.06,0.1367599095510822,0.1278814489571899,0.1278814489571899,0.37211855104281,0.37211855104281,0.1711557955439002,0.0343958859928179
85,healthy,0.9,0.1499752296752347,0.2723985536359984,0.2723985536359984,0.0936118923262354,0.3615910004017678,0.188527293759197,0.0385520640839623
85,unhealthy,0.8,0.1602380533111306,0.250092216894135,0.16783474732571,0.3319808188860199,0.250092216894135,0.1760259998173176,0.015787946506187
85,balanced,0.22,0.1145541234929064,0.2227116984826236,0.2227116984826236,0.2227116984826236,0.3318649045521292,0.1387073029874491,0.0241531794945426
86,healthy,0.99,0.1393519400858581,0.3068530514831231,0.3068530514831231,0.0794408455506307,0.3068530514831231,0.1431785868190193,0.0038266467331612
86,unhealthy,1.0,0.1534109163027864,0.2723985536359984,0.3615910004017678,0.2723985536359984,0.0936118923262354,0.1640669494529122,0.0106560331501257
86,balanced,0.14,0.1206992453924411,0.3318649045521292,0.2227116984826236,0.2227116984826236,0.2227116984826236,0.1247960498819715,0.0040968044895303
87,healthy,1.0,0.1538623362350023,0.3068530514831231,0.0794408455506307,0.3068530514831231,0.3068530514831231,0.190357477353297,0.0364951411182946
87,unhealthy,0.82,0.1528033475355914,0.1828778135048231,0.3617363344051446,0.272508038585209,0.1828778135048231,0.154908755310423,0.0021054077748315
87,balanced,0.19,0.13193990584751,0.4942339373970346,0.3723228995057661,0.1279516749038989,0.0054914881933003,0.1318765246470013,-6.338120050877749e-05
88,healthy,1.0,0.1612154705911906,0.2498627127951674,0.1279516749038989,0.1279516749038989,0.4942339373970346,0.1927724435324792,0.0315569729412886
88,unhealthy,0.86,0.1764560044595574,0.0794408455506307,0.3068530514831231,0.3068530514831231,0.3068530514831231,0.1869863914428585,0.0105303869833011
88,balanced,0.0,0.1177921138140122,0.3318649045521292,0.4405286343612334,0.0048947626040137,0.2227116984826236,0.1302243688142156,0.0124322550002034
89,healthy,0.91,0.1486851511402418,0.2723985536359984,0.2723985536359984,0.0936118923262354,0.3615910004017678,0.176360030899064,0.0276748797588221
89,unhealthy,0.85,0.1526573509296291,0.3318649045521292,0.4405286343612334,0.2227116984826235,0.0048947626040137,0.1810668832507742,0.0284095323211451
89,balanced,0.12,0.1388999544343454,0.3617363344051446,0.272508038585209,0.1828778135048231,0.1828778135048231,0.1558237465589649,0.0169237921246195
90,healthy,0.82,0.1752815447849596,0.2227116984826236,0.0048947626040137,0.3318649045521292,0.4405286343612334,0.1908313590057607,0.015549814220801
90,unhealthy,0.77,0.1885573595415069,0.16783474732571,0.3319808188860199,0.2500922168941349,0.2500922168941349,0.2017479459133258,0.0131905863718189
90,balanced,0.09,0.1170700382050934,0.424015009380863,0.2845528455284553,0.1457160725453408,0.1457160725453408,0.1423062947887726,0.0252362565836791
91,healthy,1.0,0.1546154307163921,0.3971756398940865,0.3971756398940865,0.1028243601059135,0.1028243601059135,0.1691592665189976,0.0145438358026054
91,unhealthy,0.81,0.1611918065129164,0.1551312649164677,0.3068530514831231,0.3068530514831231,0.231162632117286,0.1460646472721681,-0.0151271592407482
91,balanced,0.0,0.1088003903495138,0.2226027397260273,0.3317025440313111,0.1139921722113502,0.3317025440313111,0.1625469918157996,0.0537466014662858
92,healthy,0.94,0.1472430240950377,0.3319808188860199,0.16783474732571,0.2500922168941349,0.2500922168941349,0.1692835009446115,0.0220404768495737
92,unhealthy,0.9,0.1416230384534709,0.2007943512797881,0.2992056487202118,0.2992056487202118,0.2007943512797881,0.1838517210529566,0.0422286825994856
92,balanced,0.03,0.1075437218760657,0.2310838445807771,0.2310838445807771,0.2310838445807771,0.3067484662576687,0.1243971182151525,0.0168533963390867
93,healthy,0.91,0.1336381444378441,0.2851711026615969,0.214828897338403,0.214828897338403,0.2851711026615969,0.1346653172873743,0.0010271728495301
93,unhealthy,0.98,0.1480734525226622,0.3318649045521292,0.4405286343612334,0.2227116984826235,0.0048947626040137,0.1471292085127758,-0.0009442440098864
93,balanced,0.04,0.1209938824315931,0.2227116984826236,0.2227116984826236,0.2227116984826236,0.3318649045521292,0.1351018795199937,0.0141079970884006
94,healthy,1.0,0.1462153343369587,0.3068530514831231,0.1551312649164677,0.231162632117286,0.3068530514831231,0.1732490207019117,0.027033686364953
94,unhealthy,0.85,0.1791805656511486,0.2852614896988906,0.2852614896988906,0.2852614896988906,0.144215530903328,0.2051252662596094,0.0259447006084607
94,balanced,0.35,0.1485383403801773,0.3068530514831231,0.3068530514831231,0.1551312649164677,0.231162632117286,0.1443188985729872,-0.0042194418071901
95,healthy,1.0,0.1599174332042099,0.2723985536359984,0.2723985536359984,0.0936118923262354,0.3615910004017678,0.166634740864709,0.0067173076604991
95,unhealthy,0.78,0.1499235748583253,0.2007943512797881,0.2007943512797881,0.2992056487202118,0.2992056487202118,0.2054224305500633,0.0554988556917379
95,balanced,0.29,0.1167082616278797,0.2500922168941349,0.3319808188860199,0.16783474732571,0.2500922168941349,0.1481961627972826,0.0314879011694028
96,healthy,0.92,0.154589091802439,0.3068530514831231,0.0794408455506307,0.3068530514831231,0.3068530514831231,0.1658327380778741,0.0112436462754351
96,unhealthy,0.83,0.1964441043845899,0.0048947626040137,0.4405286343612334,0.2227116984826236,0.3318649045521292,0.1941408888455658,-0.0023032155390241
96,balanced,0.25,0.1326981178508725,0.2500922168941349,0.3319808188860199,0.16783474732571,0.2500922168941349,0.160034433793251,0.0273363159423785
97,healthy,0.99,0.1717970617526677,0.3068530514831231,0.0794408455506307,0.3068530514831231,0.3068530514831231,0.1861453327561738,0.014348271003506
97,unhealthy,0.81,0.1619077069785315,0.1828778135048231,0.3617363344051446,0.272508038585209,0.1828778135048231,0.1826514240196722,0.0207437170411406
97,balanced,0.23,0.1414367677552624,0.2723985536359984,0.0936118923262354,0.3615910004017678,0.2723985536359984,0.1472381487736932,0.0058013810184308
98,healthy,1.0,0.1545554216776365,0.3068530514831231,0.0794408455506307,0.3068530514831231,0.3068530514831231,0.1717591714610193,0.0172037497833827
98,unhealthy,0.85,0.1909295110740743,0.3318649045521292,0.4405286343612334,0.2227116984826235,0.0048947626040137,0.1876793785567696,-0.0032501325173047
98,balanced,0.07,0.1323571064249552,0.424015009380863,0.1457160725453408,0.2845528455284553,0.1457160725453408,0.1563666783240334,0.0240095718990781
99,healthy,1.0,0.1544915885891479,0.272508038585209,0.3617363344051446,0.0040192926045016,0.3617363344051446,0.1837497603674782,0.0292581717783302
99,unhealthy,0.98,0.1340371264769427,0.1028243601059135,0.3971756398940865,0.2992056487202118,0.2007943512797881,0.1537786241884897,0.019741497711547
99,balanced,0.0,0.1196507026736803,0.250092216894135,0.250092216894135,0.16783474732571,0.3319808188860199,0.1553850257888444,0.0357343231151641
0,healthy,1.0,0.1536487165261111,0.3319808188860199,0.250092216894135,0.0859461453338251,0.3319808188860199,0.1769855333726802,0.023336816846569
0,unhealthy,0.99,0.1366167728595465,0.0794408455506307,0.3068530514831231,0.3068530514831231,0.3068530514831231,0.1721440865961259,0.0355273137365794
0,balanced,0.06,0.1505319898939802,0.3617363344051446,0.1828778135048231,0.272508038585209,0.1828778135048231,0.1657245711336446,0.0151925812396644
1,healthy,0.99,0.1729343556313816,0.2992056487202118,0.0044130626654898,0.3971756398940865,0.2992056487202118,0.1844423952444748,0.0115080396130931
1,unhealthy,0.8,0.1603576994551978,0.2992056487202118,0.0044130626654898,0.3971756398940865,0.2992056487202118,0.1451356554400298,-0.015222044015168
1,balanced,0.54,0.1266896960825641,0.2851711026615969,0.214828897338403,0.2851711026615969,0.214828897338403,0.1557397758513836,0.0290500797688195
2,healthy,0.98,0.1591065285882952,0.3319808188860199,0.16783474732571,0.2500922168941349,0.2500922168941349,0.1808247926876074,0.0217182640993121
2,unhealthy,0.89,0.1702538329823159,0.0936495176848874,0.1828778135048231,0.3617363344051447,0.3617363344051447,0.1762282896871639,0.005974456704848
2,balanced,0.18,0.1204938807178314,0.2008830022075055,0.2008830022075055,0.2008830022075055,0.3973509933774835,0.1351449372330895,0.014651056515258
3,healthy,0.91,0.1254425805144669,0.2990736656374062,0.1027790030877812,0.2990736656374062,0.2990736656374062,0.1376995959751489,0.012257015460682
3,unhealthy,0.86,0.1494496836956031,0.1551312649164677,0.3068530514831231,0.3068530514831231,0.231162632117286,0.1878021850377432,0.0383525013421401
3,balanced,0.1,0.1136009636353684,0.4405286343612334,0.2227116984826236,0.2227116984826236,0.1140479686735193,0.1410009889229413,0.0274000252875728
4,healthy,1.0,0.1606306086816322,0.2723985536359984,0.0936118923262354,0.2723985536359984,0.3615910004017678,0.1972729390267483,0.036642330345116
4,unhealthy,0.99,0.1423677744330258,0.231162632117286,0.3068530514831231,0.3068530514831231,0.1551312649164677,0.1566303039190624,0.0142625294860365
4,balanced,0.04,0.1457447365019934,0.1828778135048231,0.1828778135048231,0.272508038585209,0.3617363344051447,0.1566003460922556,0.0108556095902622
5,healthy,1.0,0.1547604605389847,0.3319808188860199,0.250092216894135,0.0859461453338251,0.3319808188860199,0.1882747913576121,0.0335143308186274
5,unhealthy,1.0,0.1567426835242711,0.2498627127951674,0.2498627127951674,0.3723228995057661,0.1279516749038989,0.1667299861606862,0.0099873026364151
5,balanced,0.04,0.1490541893918487,0.1457160725453408,0.1457160725453408,0.2845528455284552,0.424015009380863,0.1568399724081863,0.0077857830163375
6,healthy,0.92,0.1547231775167573,0.4242803504380476,0.2847309136420525,0.2847309136420525,0.0062578222778473,0.1852555311052845,0.0305323535885272
6,unhealthy,0.99,0.1656275345232117,0.1028243601059135,0.3971756398940865,0.2992056487202118,0.2007943512797881,0.1900025685346603,0.0243750340114485
6,balanced,0.0,0.1386763595978805,0.1828778135048231,0.3617363344051446,0.0936495176848874,0.3617363344051446,0.1436838165171303,0.0050074569192498
7,healthy,0.98,0.1233336149281544,0.4405286343612334,0.2227116984826235,0.3318649045521292,0.0048947626040137,0.1396747497390008,0.0163411348108463
7,unhealthy,1.0,0.166925045725072,0.231162632117286,0.3068530514831231,0.3068530514831231,0.1551312649164677,0.1636202130671673,-0.0033048326579047
7,balanced,0.3,0.1332068126116189,0.3318649045521292,0.2227116984826236,0.2227116984826236,0.2227116984826236,0.1445785821899091,0.0113717695782901
8,healthy,1.0,0.1467389847637473,0.3068530514831231,0.0794408455506307,0.3068530514831231,0.3068530514831231,0.1682098854327275,0.0214709006689802
8,unhealthy,1.0,0.1711027139012052,0.1278814489571899,0.1278814489571899,0.37211855104281,0.37211855104281,0.164149092250796,-0.0069536216504091
8,balanced,0.02,0.1355898688642769,0.4403131115459883,0.1139921722113503,0.3317025440313112,0.1139921722113503,0.1447510302577044,0.0091611613934275
9,healthy,1.0,0.1620964150097982,0.2498627127951674,0.1279516749038989,0.1279516749038989,0.4942339373970346,0.1738838091306097,0.0117873941208114
9,unhealthy,1.0,0.1814261939467259,0.3319808188860199,0.250092216894135,0.3319808188860199,0.0859461453338251,0.1795764408006704,-0.0018497531460555
9,balanced,0.01,0.1412554751824351,0.0205761316872428,0.0205761316872428,0.4794238683127572,0.4794238683127572,0.1653421184156484,0.0240866432332132
10,healthy,0.87,0.1499328699584653,0.3319808188860199,0.2500922168941349,0.2500922168941349,0.16783474732571,0.1780284545657098,0.0280955846072444
10,unhealthy,0.99,0.1529873957873252,0.250092216894135,0.3319808188860199,0.3319808188860199,0.0859461453338251,0.148795772666609,-0.0041916231207162
10,balanced,0.11,0.1271918472921221,0.2664298401420959,0.2007104795737122,0.2664298401420959,0.2664298401420959,0.1585577063902835,0.0313658590981613
11,healthy,0.82,0.1637829555208866,0.2992056487202118,0.3971756398940865,0.1028243601059135,0.2007943512797881,0.1797523075515546,0.015969352030668
11,unhealthy,0.84,0.1824524814177543,0.1278814489571899,0.1278814489571899,0.37211855104281,0.37211855104281,0.1917308687968355,0.0092783873790811
11,balanced,0.01,0.1405928756506047,0.3617363344051447,0.3617363344051447,0.0936495176848874,0.1828778135048231,0.1424019804637753,0.0018091048131706
12,healthy,1.0,0.1483456818164402,0.3068530514831231,0.0794408455506307,0.3068530514831231,0.3068530514831231,0.1698613480469883,0.021515666230548
12,unhealthy,0.99,0.1667377759944119,0.0794408455506307,0.3068530514831231,0.3068530514831231,0.3068530514831231,0.2010677492122001,0.0343299732177881
12,balanced,0.07,0.1057378209397337,0.424015009380863,0.2845528455284553,0.1457160725453408,0.1457160725453408,0.1180636036003427,0.0123257826606089
13,healthy,0.91,0.144464304785415,0.3319808188860199,0.16783474732571,0.2500922168941349,0.2500922168941349,0.1808574506928384,0.0363931459074233
13,unhealthy,0.88,0.1618528146469735,0.3971756398940864,0.2992056487202117,0.2992056487202117,0.0044130626654898,0.1798177094123932,0.0179648947654197
13,balanced,0.19,0.1409072216291917,0.1028243601059135,0.2992056487202118,0.2007943512797881,0.3971756398940865,0.1291056391723423,-0.0118015824568493
14,healthy,1.0,0.1532550943639168,0.2019064124783362,0.0086655112651646,0.2019064124783362,0.587521663778163,0.1639474858319885,0.0106923914680717
14,unhealthy,1.0,0.1488413407011023,0.3971756398940864,0.2992056487202117,0.2992056487202117,0.0044130626654898,0.1411019763524737,-0.0077393643486285
14,balanced,0.06,0.1194132856786486,0.2019064124783362,0.2019064124783362,0.2019064124783362,0.3942807625649913,0.1351110705123461,0.0156977848336974
15,healthy,0.91,0.1890971544451864,0.250092216894135,0.0859461453338251,0.3319808188860199,0.3319808188860199,0.1820486883039341,-0.0070484661412522
15,unhealthy,1.0,0.1507486557406374,0.1828778135048231,0.1828778135048231,0.3617363344051446,0.272508038585209,0.1657071370592587,0.0149584813186213
15,balanced,0.14,0.1011204995124892,0.250092216894135,0.16783474732571,0.3319808188860199,0.250092216894135,0.1343354702027217,0.0332149706902325
16,healthy,1.0,0.1259450549530425,0.3068530514831231,0.231162632117286,0.1551312649164677,0.3068530514831231,0.1494684953600869,0.0235234404070443
16,unhealthy,0.89,0.1465583746081376,0.0040192926045016,0.3617363344051447,0.272508038585209,0.3617363344051447,0.1603584153350263,0.0138000407268887
16,balanced,0.12,0.1138122613741225,0.1828778135048231,0.3617363344051446,0.0936495176848874,0.3617363344051446,0.1542907280538854,0.0404784666797629
17,healthy,1.0,0.1485929789516775,0.2992056487202118,0.1028243601059135,0.2007943512797881,0.3971756398940865,0.1899571087650033,0.0413641298133257
17,unhealthy,0.79,0.1720323638369253,0.3319808188860199,0.250092216894135,0.3319808188860199,0.0859461453338251,0.1810860818785476,0.0090537180416222
17,balanced,0.04,0.1121315854499949,0.0062578222778473,0.2847309136420525,0.1458072590738423,0.5632040050062578,0.1242230400372188,0.0120914545872239
18,healthy,1.0,0.1817762463761589,0.3617363344051446,0.1828778135048231,0.0936495176848874,0.3617363344051446,0.2020087738672509,0.020232527491092
18,unhealthy,1.0,0.1340339209248747,0.231162632117286,0.3068530514831231,0.3068530514831231,0.1551312649164677,0.1565710103044184,0.0225370893795437
18,balanced,0.18,0.1060638848691944,0.250092216894135,0.16783474732571,0.250092216894135,0.3319808188860199,0.1271864951852344,0.0211226103160399
19,healthy,1.0,0.142230948166756,0.3319808188860199,0.250092216894135,0.0859461453338251,0.3319808188860199,0.1681469348806192,0.0259159867138631
19,unhealthy,0.88,0.1666212335950564,0.0048947626040137,0.4405286343612334,0.2227116984826236,0.3318649045521292,0.1398496842211683,-0.0267715493738881
19,balanced,0.2,0.133588683619156,0.3319808188860199,0.16783474732571,0.2500922168941349,0.2500922168941349,0.1500195359819842,0.0164308523628281
20,healthy,0.89,0.1584880649203169,0.3067484662576686,0.231083844580777,0.231083844580777,0.231083844580777,0.1795279220596096,0.0210398571392927
20,unhealthy,0.87,0.1754301898192764,0.0044130626654898,0.2992056487202118,0.2992056487202118,0.3971756398940865,0.190166111372676,0.0147359215533996
20,balanced,0.14,0.1262218669691371,0.2723985536359984,0.3615910004017678,0.0936118923262354,0.2723985536359984,0.1416667454047306,0.0154448784355935
21,healthy,0.87,0.1756450671541172,0.3615910004017678,0.2723985536359984,0.2723985536359984,0.0936118923262354,0.1648254305229842,-0.0108196366311329
21,unhealthy,0.85,0.1458879305482925,0.1551312649164677,0.3068530514831231,0.3068530514831231,0.231162632117286,0.1809730993576944,0.0350851688094018
21,balanced,0.29,0.1162776045261027,0.1828778135048231,0.1828778135048231,0.272508038585209,0.3617363344051447,0.1371023946943952,0.0208247901682924
22,healthy,0.8,0.1646170967946001,0.2227116984826236,0.0048947626040137,0.3318649045521292,0.4405286343612334,0.192227886718341,0.0276107899237408
22,unhealthy,0.99,0.1790918459500871,0.0936118923262354,0.3615910004017678,0.2723985536359984,0.2723985536359984,0.189569577078293,0.0104777311282058
22,balanced,0.29,0.1346550390032893,0.2019064124783362,0.2019064124783362,0.2019064124783362,0.3942807625649913,0.1350968179996919,0.0004417789964026
23,healthy,0.92,0.1624965613677988,0.3946227233304423,0.588031222896791,0.0086730268863833,0.0086730268863833,0.1525393824951936,-0.0099571788726052
23,unhealthy,1.0,0.1844890668477084,0.0936118923262354,0.3615910004017678,0.2723985536359984,0.2723985536359984,0.2074651463779236,0.0229760795302151
23,balanced,0.13,0.1375181236812812,0.3723228995057661,0.1279516749038989,0.2498627127951674,0.2498627127951674,0.1488440706923086,0.0113259470110274
24,healthy,0.99,0.1500847416595679,0.3068530514831231,0.231162632117286,0.1551312649164677,0.3068530514831231,0.1573205661136874,0.0072358244541194
24,unhealthy,1.0,0.1545242712621782,0.1678966789667896,0.3321033210332103,0.3321033210332103,0.1678966789667896,0.1373532407580339,-0.0171710305041442
24,balanced,0.39,0.134166116304325,0.3721185510428101,0.1278814489571899,0.3721185510428101,0.1278814489571899,0.1474186252873034,0.0132525089829783
25,healthy,0.98,0.1461702424242612,0.3306686046511627,0.1693313953488372,0.1693313953488372,0.3306686046511627,0.1451751616691511,-0.0009950807551101
25,unhealthy,0.85,0.1761981744924496,0.3318649045521292,0.4405286343612334,0.2227116984826235,0.0048947626040137,0.1965749136345806,0.0203767391421309
25,balanced,0.1,0.1092545721103103,0.2310838445807771,0.2310838445807771,0.2310838445807771,0.3067484662576687,0.1075232364089788,-0.0017313357013314
26,healthy,0.99,0.1443937261396348,0.3068530514831231,0.1551312649164677,0.231162632117286,0.3068530514831231,0.1725127806394601,0.0281190544998252
26,unhealthy,0.78,0.1544536887521992,0.3319808188860199,0.0859461453338251,0.3319808188860199,0.250092216894135,0.1827696741476734,0.0283159853954742
26,balanced,0.18,0.1235125922874854,0.3319808188860199,0.2500922168941349,0.16783474732571,0.2500922168941349,0.1122588219797234,-0.0112537703077619
27,healthy,1.0,0.1390625068809414,0.3317025440313111,0.3317025440313111,0.1139921722113502,0.2226027397260273,0.1549753912963453,0.0159128844154039
27,unhealthy,0.82,0.1539986334468489,0.0048947626040137,0.3318649045521292,0.2227116984826236,0.4405286343612334,0.1797394995845172,0.0257408661376682
27,balanced,0.0,0.129841171750654,0.2310838445807771,0.2310838445807771,0.2310838445807771,0.3067484662576687,0.1477482513721953,0.0179070796215413
28,healthy,0.93,0.1325142453912165,0.3973509933774834,0.2008830022075055,0.3973509933774834,0.0044150110375275,0.1376804747546183,0.0051662293634017
28,unhealthy,0.88,0.1506983908415407,0.250092216894135,0.16783474732571,0.3319808188860199,0.250092216894135,0.1814700846465656,0.0307716938050248
28,balanced,0.23,0.1292304952005659,0.0072674418604651,0.1693313953488372,0.3306686046511627,0.4927325581395348,0.1408707629483903,0.0116402677478244
29,healthy,0.79,0.1644614394951248,0.2227116984826236,0.1140479686735193,0.2227116984826236,0.4405286343612334,0.1652860386446887,0.0008245991495639
29,unhealthy,0.77,0.1597675078995733,0.2847309136420525,0.2847309136420525,0.2847309136420525,0.1458072590738423,0.1707520624084333,0.01098455450886
29,balanced,0.01,0.1414521825168203,0.1457160725453408,0.1457160725453408,0.2845528455284552,0.424015009380863,0.1605976948505806,0.0191455123337603
30,healthy,0.84,0.1656260321130502,0.250092216894135,0.3319808188860199,0.0859461453338251,0.3319808188860199,0.1956420360786455,0.0300160039655953
30,unhealthy,0.9,0.1716967422285633,0.2723985536359984,0.3615910004017678,0.2723985536359984,0.0936118923262354,0.1763164124533504,0.004619670224787
30,balanced,0.04,0.1237492117482592,0.250092216894135,0.3319808188860199,0.0859461453338251,0.3319808188860199,0.1303337030399676,0.0065844912917083
31,healthy,0.99,0.1857528578814855,0.3068530514831231,0.3068530514831231,0.0794408455506307,0.3068530514831231,0.1865859739061056,0.00083311602462
31,unhealthy,0.89,0.1780494470091271,0.2990736656374062,0.2990736656374062,0.2990736656374062,0.1027790030877812,0.1873399091622613,0.0092904621531341
31,balanced,0.27,0.1348270548116758,0.3617363344051446,0.272508038585209,0.1828778135048231,0.1828778135048231,0.1529651945756227,0.0181381397639468
32,healthy,1.0,0.1562555909328215,0.272508038585209,0.1828778135048231,0.1828778135048231,0.3617363344051447,0.1618647998565139,0.0056092089236924
32,unhealthy,0.82,0.1583751817375086,0.0054914881933003,0.3723228995057661,0.2498627127951674,0.3723228995057661,0.1693375168264344,0.0109623350889258
32,balanced,0.13,0.1435062170758402,0.3317025440313111,0.1139921722113502,0.3317025440313111,0.2226027397260273,0.1757266707992373,0.0322204537233971
33,healthy,1.0,0.1814524775636677,0.3319808188860199,0.0859461453338251,0.3319808188860199,0.250092216894135,0.1889555644169157,0.0075030868532479
33,unhealthy,0.88,0.1364995207616844,0.4405286343612334,0.2227116984826235,0.3318649045521292,0.0048947626040137,0.1375960987570635,0.0010965779953791
33,balanced,0.02,0.112527773296627,0.424015009380863,0.1457160725453408,0.2845528455284553,0.1457160725453408,0.1271794365385128,0.0146516632418857
34,healthy,0.94,0.1484256334421541,0.272508038585209,0.1828778135048231,0.1828778135048231,0.3617363344051447,0.1709848380814805,0.0225592046393263
34,unhealthy,0.9,0.1620293904045401,0.0054914881933003,0.1279516749038989,0.3723228995057661,0.4942339373970346,0.172504661821002,0.0104752714164618
34,balanced,0.2,0.1280668919638676,0.2851711026615969,0.214828897338403,0.2851711026615969,0.214828897338403,0.1360235085002773,0.0079566165364096
35,healthy,1.0,0.1654961870219134,0.3615910004017678,0.2723985536359984,0.0936118923262354,0.2723985536359984,0.1903021840351959,0.0248059970132825
35,unhealthy,0.85,0.1437512978463734,0.2500922168941349,0.2500922168941349,0.3319808188860199,0.16783474732571,0.1646532627782766,0.0209019649319031
35,balanced,0.07,0.1163894403786475,0.250092216894135,0.16783474732571,0.250092216894135,0.3319808188860199,0.1431373689007893,0.0267479285221418
36,healthy,0.95,0.1398505658794199,0.3068530514831231,0.3068530514831231,0.0794408455506307,0.3068530514831231,0.1754509064476127,0.0356003405681928
36,unhealthy,1.0,0.1529716676098992,0.1028243601059135,0.3971756398940865,0.2992056487202118,0.2007943512797881,0.1600914428930581,0.0071197752831588
36,balanced,0.18,0.1235198550888002,0.2723985536359984,0.0936118923262354,0.3615910004017678,0.2723985536359984,0.1332651459939702,0.0097452909051699
37,healthy,0.99,0.1655609095609711,0.1693313953488372,0.1693313953488372,0.0072674418604651,0.6540697674418605,0.1672346707479619,0.0016737611869908
37,unhealthy,1.0,0.1418924854844889,0.1551312649164677,0.3068530514831231,0.3068530514831231,0.231162632117286,0.1575129426648222,0.0156204571803333
37,balanced,0.11,0.1210205404200173,0.3942807625649913,0.2019064124783362,0.2019064124783362,0.2019064124783362,0.1285331578908893,0.0075126174708719
38,healthy,1.0,0.1621907392306517,0.2502685284640172,0.0107411385606874,0.2502685284640172,0.4887218045112782,0.1708979849088077,0.008707245678156
38,unhealthy,0.99,0.1399019835849717,0.1693313953488372,0.6540697674418605,0.1693313953488372,0.0072674418604651,0.140326508315398,0.0004245247304263
38,balanced,0.08,0.1304448212397128,0.3068530514831231,0.231162632117286,0.1551312649164677,0.3068530514831231,0.1555390292487558,0.0250942080090429
39,healthy,0.97,0.1514061997127089,0.4945054945054944,0.0054945054945054,0.4945054945054944,0.0054945054945054,0.1427576369851442,-0.0086485627275647
39,unhealthy,0.99,0.1557735186461469,0.2007943512797881,0.3971756398940864,0.2992056487202117,0.1028243601059134,0.1818301131011952,0.0260565944550482
39,balanced,0.18,0.1282851765007836,0.3617363344051446,0.272508038585209,0.1828778135048231,0.1828778135048231,0.1248363360622059,-0.0034488404385777
40,healthy,0.95,0.1612377035245925,0.2227116984826236,0.3318649045521292,0.0048947626040137,0.4405286343612334,0.1800185445910026,0.0187808410664101
40,unhealthy,0.98,0.1635077399372203,0.0072674418604651,0.6540697674418605,0.1693313953488372,0.1693313953488372,0.1820967246961721,0.0185889847589518
40,balanced,0.39,0.1315764001674782,0.3318649045521292,0.4405286343612334,0.0048947626040137,0.2227116984826236,0.1337168343939634,0.0021404342264852
41,healthy,0.82,0.1411903312371185,0.3068530514831231,0.1551312649164677,0.231162632117286,0.3068530514831231,0.1450253206083527,0.0038349893712341
41,unhealthy,1.0,0.1571961365196643,0.0141043723554301,0.3286318758815233,0.3286318758815233,0.3286318758815233,0.1615859262363249,0.0043897897166605
41,balanced,0.02,0.1161237424480109,0.2992056487202118,0.2007943512797881,0.2992056487202118,0.2007943512797881,0.1274403494868481,0.0113166070388372
42,healthy,0.91,0.1903583588544702,0.2723985536359984,0.2723985536359984,0.0936118923262354,0.3615910004017678,0.2081245535161267,0.0177661946616564
42,unhealthy,1.0,0.1691679741302059,0.0141043723554301,0.3286318758815233,0.3286318758815233,0.3286318758815233,0.1891184597336709,0.0199504856034649
42,balanced,0.05,0.1142081945984655,0.3067484662576686,0.231083844580777,0.231083844580777,0.231083844580777,0.1439064023572143,0.0296982077587487
43,healthy,0.69,0.1427047178798547,0.2851711026615969,0.214828897338403,0.214828897338403,0.2851711026615969,0.1596832260340589,0.0169785081542041
43,unhealthy,0.87,0.1506943574179073,0.2723985536359984,0.3615910004017678,0.2723985536359984,0.0936118923262354,0.152914094994162,0.0022197375762547
43,balanced,0.01,0.1064179107815279,0.2723985536359984,0.1828043390920048,0.2723985536359984,0.2723985536359984,0.1552129108887439,0.0487950001072159
44,healthy,0.99,0.1369081591274044,0.3319808188860199,0.0859461453338251,0.250092216894135,0.3319808188860199,0.1510941040853812,0.0141859449579767
44,unhealthy,1.0,0.143889233674416,0.250092216894135,0.3319808188860199,0.3319808188860199,0.0859461453338251,0.1758377295485785,0.0319484958741625
44,balanced,0.05,0.1329174606192932,0.1457160725453408,0.1457160725453408,0.2845528455284552,0.424015009380863,0.1617248567890705,0.0288073961697772
45,healthy,1.0,0.1545728143047028,0.3319808188860199,0.0859461453338251,0.3319808188860199,0.250092216894135,0.170643583544422,0.0160707692397192
45,unhealthy,0.89,0.1535782815518057,0.1551312649164677,0.3068530514831231,0.3068530514831231,0.231162632117286,0.1909286445902973,0.0373503630384915
45,balanced,0.36,0.1436837838401457,0.4405286343612334,0.2227116984826236,0.2227116984826236,0.1140479686735193,0.1540046457558205,0.0103208619156748
46,healthy,1.0,0.1704511187073553,0.2723985536359984,0.2723985536359984,0.0936118923262354,0.3615910004017678,0.2004117141457479,0.0299605954383926
46,unhealthy,0.78,0.1936688540558167,0.0936118923262354,0.2723985536359984,0.2723985536359984,0.3615910004017678,0.2063232014488261,0.0126543473930093
46,balanced,0.02,0.1288797594485019,0.2310838445807771,0.2310838445807771,0.2310838445807771,0.3067484662576687,0.1423750401297974,0.0134952806812954
47,healthy,1.0,0.1336648141372993,0.3068530514831231,0.231162632117286,0.1551312649164677,0.3068530514831231,0.1453137333440775,0.0116489192067782
47,unhealthy,0.99,0.1566685539072145,0.1551312649164677,0.3068530514831231,0.3068530514831231,0.231162632117286,0.166863431338687,0.0101948774314724
47,balanced,0.0,0.133151556305104,0.2664298401420959,0.2664298401420959,0.2007104795737122,0.2664298401420959,0.155747103812135,0.0225955475070309
48,healthy,0.79,0.1623192472202716,0.250092216894135,0.0859461453338251,0.3319808188860199,0.3319808188860199,0.1938816772773408,0.0315624300570691
48,unhealthy,0.77,0.1675092118708992,0.1028243601059135,0.2007943512797881,0.2992056487202118,0.3971756398940865,0.1699991219553019,0.0024899100844027
48,balanced,0.02,0.1216520206595339,0.2227116984826236,0.2227116984826236,0.2227116984826236,0.3318649045521292,0.1276817611501683,0.0060297404906344
49,healthy,0.99,0.1291796916746235,0.2845528455284552,0.1457160725453408,0.1457160725453408,0.424015009380863,0.157757703976528,0.0285780123019045
49,unhealthy,0.9,0.1247254440129893,0.1828778135048231,0.3617363344051446,0.272508038585209,0.1828778135048231,0.1349595338534887,0.0102340898404993
49,balanced,0.18,0.1205888391315044,0.2847309136420525,0.1458072590738423,0.2847309136420525,0.2847309136420525,0.1377652698682464,0.0171764307367419
50,healthy,0.86,0.1625285130330205,0.250092216894135,0.16783474732571,0.250092216894135,0.3319808188860199,0.1889683953004891,0.0264398822674686
50,unhealthy,0.8,0.1775908921399497,0.214828897338403,0.2851711026615969,0.2851711026615969,0.214828897338403,0.1954461502310486,0.0178552580910989
50,balanced,0.06,0.1137096937403869,0.1140479686735193,0.2227116984826236,0.2227116984826236,0.4405286343612334,0.1500313829831859,0.036321689242799
51,healthy,1.0,0.1533302541838744,0.3319808188860199,0.0859461453338251,0.250092216894135,0.3319808188860199,0.1575912400793533,0.0042609858954788
51,unhealthy,0.86,0.1597372592857323,0.231162632117286,0.3068530514831231,0.3068530514831231,0.1551312649164677,0.1744035512887061,0.0146662920029738
51,balanced,0.01,0.1284472421217145,0.3318649045521292,0.2227116984826236,0.2227116984826236,0.2227116984826236,0.1451003243726684,0.0166530822509539
52,healthy,0.7,0.1503703433123866,0.231162632117286,0.1551312649164677,0.3068530514831231,0.3068530514831231,0.1733814517598307,0.0230111084474441
52,unhealthy,0.89,0.1897832555656599,0.2227116984826236,0.4405286343612334,0.2227116984826236,0.1140479686735193,0.2015755637610787,0.0117923081954187
52,balanced,0.12,0.1510020424081824,0.2226027397260273,0.1139921722113502,0.3317025440313111,0.3317025440313111,0.1646388379560881,0.0136367955479057
53,healthy,1.0,0.1519395691766895,0.3617363344051447,0.0936495176848874,0.1828778135048231,0.3617363344051447,0.1593306162120601,0.0073910470353705
53,unhealthy,0.9,0.1327359691332788,0.1551312649164677,0.3068530514831231,0.3068530514831231,0.231162632117286,0.1813294264307604,0.0485934572974815
53,balanced,0.51,0.1200412072954321,0.2007943512797881,0.3971756398940865,0.1028243601059135,0.2992056487202118,0.1207689801536807,0.0007277728582485
54,healthy,1.0,0.1553521501314511,0.3068530514831231,0.0794408455506307,0.3068530514831231,0.3068530514831231,0.166313717366047,0.0109615672345958
54,unhealthy,0.87,0.1620665065984837,0.3068530514831231,0.3068530514831231,0.3068530514831231,0.0794408455506307,0.2151523726264251,0.0530858660279414
54,balanced,0.31,0.145978954976193,0.2723985536359984,0.3615910004017678,0.0936118923262354,0.2723985536359984,0.1452552375297185,-0.0007237174464744
55,healthy,0.99,0.1639643103695964,0.3068530514831231,0.3068530514831231,0.0794408455506307,0.3068530514831231,0.1688911875276881,0.0049268771580917
55,unhealthy,0.88,0.159755954274861,0.0794408455506307,0.3068530514831231,0.3068530514831231,0.3068530514831231,0.1914590641915533,0.0317031099166922
55,balanced,0.01,0.150838102076935,0.1140479686735193,0.2227116984826236,0.2227116984826236,0.4405286343612334,0.1425769152368,-0.0082611868401349
56,healthy,1.0,0.1629423639327782,0.3068530514831231,0.3068530514831231,0.0794408455506307,0.3068530514831231,0.1897784263667125,0.0268360624339343
56,unhealthy,0.87,0.1870886392590624,0.214828897338403,0.2851711026615969,0.2851711026615969,0.214828897338403,0.2171627479275885,0.0300741086685261
56,balanced,0.09,0.1288380490617915,0.3318649045521292,0.0048947626040137,0.4405286343612334,0.2227116984826236,0.1454058260753857,0.0165677770135942
57,healthy,1.0,0.1226169354975857,0.3317025440313111,0.2226027397260273,0.1139921722113502,0.3317025440313111,0.1478626881538715,0.0252457526562858
57,unhealthy,0.99,0.1518297781345305,0.3318649045521292,0.0048947626040137,0.4405286343612334,0.2227116984826236,0.1768568109785738,0.0250270328440433
57,balanced,0.06,0.1202824739207644,0.3617363344051446,0.1828778135048231,0.272508038585209,0.1828778135048231,0.1330532499135985,0.012770775992834
58,healthy,0.98,0.1604055263008173,0.2992056487202118,0.1028243601059135,0.2007943512797881,0.3971756398940865,0.1515953061855379,-0.0088102201152794
58,unhealthy,1.0,0.1632477525041448,0.2723985536359984,0.3615910004017678,0.2723985536359984,0.0936118923262354,0.1671547974171208,0.003907044912976
58,balanced,0.11,0.141207913812846,0.1140479686735193,0.2227116984826236,0.2227116984826236,0.4405286343612334,0.150303547816316,0.00909563400347
59,healthy,0.88,0.170803800417582,0.2992056487202118,0.3971756398940865,0.1028243601059135,0.2007943512797881,0.1964869148007786,0.0256831143831965
59,unhealthy,0.84,0.1435867251607283,0.0054914881933003,0.1279516749038989,0.3723228995057661,0.4942339373970346,0.1697149545635654,0.0261282294028371
59,balanced,0.01,0.1172354651545673,0.424015009380863,0.2845528455284553,0.1457160725453408,0.1457160725453408,0.1431322672011464,0.025896802046579
60,healthy,0.99,0.1512155648324275,0.2723985536359984,0.2723985536359984,0.0936118923262354,0.3615910004017678,0.1667622561594023,0.0155466913269747
60,unhealthy,0.98,0.161881957665464,0.3068530514831231,0.3068530514831231,0.3068530514831231,0.0794408455506307,0.161443663054303,-0.000438294611161
60,balanced,0.06,0.1223661176170761,0.3617363344051447,0.0936495176848874,0.3617363344051447,0.1828778135048231,0.1367302006519512,0.014364083034875
61,healthy,0.95,0.1924655165682114,0.2852614896988906,0.2852614896988906,0.144215530903328,0.2852614896988906,0.2246087953460242,0.0321432787778128
61,unhealthy,0.93,0.1448097934249948,0.231162632117286,0.3068530514831231,0.3068530514831231,0.1551312649164677,0.1443477093814198,-0.000462084043575
61,balanced,0.02,0.1212389300982407,0.3617363344051446,0.1828778135048231,0.272508038585209,0.1828778135048231,0.1208894673392991,-0.0003494627589415
62,healthy,0.91,0.1667457112698342,0.272508038585209,0.1828778135048231,0.1828778135048231,0.3617363344051447,0.1893145245193635,0.0225688132495292
62,unhealthy,0.8,0.1254023688437508,0.250092216894135,0.16783474732571,0.3319808188860199,0.250092216894135,0.1504876443662468,0.0250852755224959
62,balanced,0.06,0.1225254107256754,0.1457160725453408,0.2845528455284552,0.1457160725453408,0.424015009380863,0.1325837557585189,0.0100583450328434
63,healthy,1.0,0.170956706455114,0.3068530514831231,0.231162632117286,0.1551312649164677,0.3068530514831231,0.1675412866405987,-0.0034154198145152
63,unhealthy,0.99,0.1519750189003582,0.250092216894135,0.3319808188860199,0.3319808188860199,0.0859461453338251,0.1682378812209367,0.0162628623205785
63,balanced,0.3,0.1646707156034754,0.231162632117286,0.3068530514831231,0.1551312649164677,0.3068530514831231,0.1716491928942902,0.0069784772908148
64,healthy,0.92,0.1920892341979435,0.2227116984826236,0.3318649045521292,0.0048947626040137,0.4405286343612334,0.1951401232735608,0.0030508890756172
64,unhealthy,0.9,0.1789463056877217,0.0859461453338251,0.3319808188860199,0.3319808188860199,0.250092216894135,0.2046355098397467,0.0256892041520249
64,balanced,0.21,0.1440974664377074,0.3971756398940865,0.1028243601059135,0.2992056487202118,0.2007943512797881,0.1324187935034687,-0.0116786729342387
65,healthy,0.91,0.1525394335707358,0.3068530514831231,0.1551312649164677,0.231162632117286,0.3068530514831231,0.1682229208356921,0.0156834872649563
65,unhealthy,1.0,0.203221563665746,0.1028243601059135,0.3971756398940865,0.2992056487202118,0.2007943512797881,0.2075154306125283,0.0042938669467822
65,balanced,0.06,0.1124520206604812,0.3317025440313111,0.3317025440313111,0.1139921722113502,0.2226027397260273,0.1394007294552574,0.0269487087947761
66,healthy,0.9,0.1848666962013508,0.2664298401420959,0.2007104795737122,0.2664298401420959,0.2664298401420959,0.1920842761512271,0.0072175799498762
66,unhealthy,0.89,0.1912740969702268,0.1828778135048231,0.3617363344051446,0.272508038585209,0.1828778135048231,0.1977394342289436,0.0064653372587168
66,balanced,0.13,0.1298107609225748,0.3319808188860199,0.3319808188860199,0.0859461453338251,0.250092216894135,0.1353824128752682,0.0055716519526934
67,healthy,0.99,0.1485707366629571,0.3617363344051446,0.0040192926045016,0.3617363344051446,0.272508038585209,0.1987363519478177,0.0501656152848606
67,unhealthy,1.0,0.1678143429199346,0.0794408455506307,0.3068530514831231,0.3068530514831231,0.3068530514831231,0.1742796290595348,0.0064652861396002
67,balanced,0.21,0.1272034288193912,0.2723985536359984,0.1828043390920048,0.2723985536359984,0.2723985536359984,0.1420867863021633,0.014883357482772
68,healthy,0.95,0.1602359058340215,0.3068530514831231,0.0794408455506307,0.3068530514831231,0.3068530514831231,0.173395527082365,0.0131596212483435
68,unhealthy,1.0,0.1386094344718035,0.2992056487202119,0.2007943512797882,0.3971756398940865,0.1028243601059135,0.1263123931845091,-0.0122970412872943
68,balanced,0.43,0.1107213584927638,0.1457160725453408,0.1457160725453408,0.2845528455284552,0.424015009380863,0.13264658040973,0.0219252219169662
69,healthy,0.98,0.1531107167064292,0.2723985536359984,0.0936118923262354,0.2723985536359984,0.3615910004017678,0.1505680048527246,-0.0025427118537045
69,unhealthy,0.77,0.1800680912878043,0.1828778135048231,0.3617363344051446,0.272508038585209,0.1828778135048231,0.202002561474524,0.0219344701867196
69,balanced,0.02,0.1177419115903278,0.2847309136420525,0.1458072590738423,0.2847309136420525,0.2847309136420525,0.1460733839241604,0.0283314723338325
70,healthy,0.66,0.1662267653786582,0.3317025440313111,0.1139921722113502,0.3317025440313111,0.2226027397260273,0.170180436387686,0.0039536710090277
70,unhealthy,1.0,0.1847740790067752,0.0048947626040137,0.4405286343612334,0.2227116984826236,0.3318649045521292,0.1843486207243459,-0.0004254582824293
70,balanced,0.22,0.115065193721297,0.3319808188860199,0.16783474732571,0.2500922168941349,0.2500922168941349,0.1318882831368466,0.0168230894155495
71,healthy,1.0,0.1316352378218356,0.2992056487202118,0.2007943512797881,0.1028243601059135,0.3971756398940865,0.1503323074055423,0.0186970695837066
71,unhealthy,0.99,0.1562494865698312,0.2007943512797881,0.3971756398940864,0.2992056487202117,0.1028243601059134,0.1593414007274008,0.0030919141575695
71,balanced,0.05,0.1249992152290941,0.250092216894135,0.16783474732571,0.250092216894135,0.3319808188860199,0.1336514129762795,0.0086521977471854
72,healthy,0.95,0.1627751622246959,0.3721185510428101,0.1278814489571899,0.3721185510428101,0.1278814489571899,0.1884131143981287,0.0256379521734328
72,unhealthy,0.99,0.1534062699683455,0.1139921722113502,0.2226027397260273,0.3317025440313111,0.3317025440313111,0.1609431922495685,0.007536922281223
72,balanced,0.1,0.1393639500599377,0.1828778135048231,0.272508038585209,0.1828778135048231,0.3617363344051447,0.1731499884419806,0.0337860383820428
73,healthy,0.95,0.1636291109066487,0.3068530514831231,0.3068530514831231,0.0794408455506307,0.3068530514831231,0.1774022461613735,0.0137731352547247
73,unhealthy,0.97,0.1634655506757925,0.2007943512797881,0.3971756398940864,0.2992056487202117,0.1028243601059134,0.1840753516014088,0.0206098009256163
73,balanced,0.13,0.118387924811644,0.3068530514831231,0.1551312649164677,0.3068530514831231,0.231162632117286,0.1388346948817124,0.0204467700700684
74,healthy,1.0,0.1872457981532842,0.1693313953488372,0.0072674418604651,0.1693313953488372,0.6540697674418605,0.1773603908151754,-0.0098854073381088
74,unhealthy,0.76,0.1837836254913559,0.3319808188860199,0.3319808188860199,0.250092216894135,0.0859461453338251,0.1854716009609831,0.0016879754696272
74,balanced,0.29,0.1426184706902411,0.231162632117286,0.1551312649164677,0.3068530514831231,0.3068530514831231,0.1580176033066335,0.0153991326163924
75,healthy,1.0,0.160889543399331,0.3068530514831231,0.231162632117286,0.1551312649164677,0.3068530514831231,0.1601409578567559,-0.000748585542575
75,unhealthy,0.9,0.1829399791846708,0.0794408455506307,0.3068530514831231,0.3068530514831231,0.3068530514831231,0.2006007074294205,0.0176607282447497
75,balanced,0.26,0.1173455774788563,0.1139921722113502,0.1139921722113502,0.3317025440313111,0.4403131115459882,0.1517753889598146,0.0344298114809582
76,healthy,0.89,0.1574240553673349,0.2227116984826236,0.1140479686735193,0.2227116984826236,0.4405286343612334,0.1768134451581792,0.0193893897908443
76,unhealthy,1.0,0.1706441250870318,0.250092216894135,0.3319808188860199,0.3319808188860199,0.0859461453338251,0.1778335119302571,0.0071893868432253
76,balanced,0.01,0.1228842101334283,0.0086655112651646,0.2019064124783362,0.2019064124783362,0.587521663778163,0.1327381614496389,0.0098539513162105
77,healthy,0.9,0.1803638086632461,0.2723985536359984,0.2723985536359984,0.0936118923262354,0.3615910004017678,0.1737824736899802,-0.0065813349732659
77,unhealthy,0.85,0.1582571797111745,0.0048947626040137,0.4405286343612334,0.2227116984826236,0.3318649045521292,0.1724302195073286,0.014173039796154
77,balanced,0.19,0.1307215306067568,0.4405286343612334,0.2227116984826236,0.2227116984826236,0.1140479686735193,0.1456604158522684,0.0149388852455116
78,healthy,0.91,0.1743059298085503,0.250092216894135,0.0859461453338251,0.3319808188860199,0.3319808188860199,0.1842186014073429,0.0099126715987926
78,unhealthy,0.77,0.163557532213672,0.214828897338403,0.2851711026615969,0.2851711026615969,0.214828897338403,0.195286579682503,0.0317290474688309
78,balanced,0.0,0.1365672634047871,0.2310838445807771,0.2310838445807771,0.2310838445807771,0.3067484662576687,0.1509414820103882,0.0143742186056011
79,healthy,0.81,0.1420796522035247,0.272508038585209,0.1828778135048231,0.1828778135048231,0.3617363344051447,0.1630949812525825,0.0210153290490577
79,unhealthy,0.82,0.169032497010073,0.3318649045521292,0.4405286343612334,0.2227116984826235,0.0048947626040137,0.1735139879619507,0.0044814909518776
79,balanced,0.01,0.1359362264827875,0.3319808188860199,0.16783474732571,0.2500922168941349,0.2500922168941349,0.1185748495585463,-0.0173613769242412
80,healthy,0.99,0.1384212182821382,0.272508038585209,0.3617363344051446,0.0040192926045016,0.3617363344051446,0.1584948968100376,0.0200736785278994
80,unhealthy,1.0,0.169420003697142,0.1551312649164677,0.3068530514831231,0.3068530514831231,0.231162632117286,0.193447588598624,0.0240275849014819
80,balanced,0.08,0.1583863038884658,0.1457160725453408,0.1457160725453408,0.2845528455284552,0.424015009380863,0.1745995933045701,0.0162132894161042
81,healthy,0.96,0.1539460619537558,0.3306686046511627,0.1693313953488372,0.1693313953488372,0.3306686046511627,0.1837966338433534,0.0298505718895975
81,unhealthy,0.79,0.1437598563771002,0.144215530903328,0.2852614896988906,0.2852614896988906,0.2852614896988906,0.1655249821778996,0.0217651258007993
81,balanced,0.08,0.1388273396810363,0.3319808188860199,0.2500922168941349,0.16783474732571,0.2500922168941349,0.1456790932135507,0.0068517535325144
82,healthy,0.94,0.1767984177201544,0.4405286343612334,0.4405286343612334,0.1140479686735193,0.0048947626040137,0.1946864755214716,0.0178880578013172
82,unhealthy,0.99,0.130409488847395,0.0859461453338251,0.3319808188860199,0.3319808188860199,0.250092216894135,0.146846911856654,0.0164374230092589
82,balanced,0.11,0.1323929205549229,0.1457160725453408,0.2845528455284552,0.1457160725453408,0.424015009380863,0.1334945831701662,0.0011016626152432
83,healthy,1.0,0.1412721714985277,0.3319808188860199,0.0859461453338251,0.250092216894135,0.3319808188860199,0.1530478763183416,0.0117757048198138
83,unhealthy,1.0,0.1320723736784987,0.3068530514831231,0.3068530514831231,0.3068530514831231,0.0794408455506307,0.1651909411381449,0.0331185674596462
83,balanced,0.07,0.1246652202762107,0.3319808188860199,0.3319808188860199,0.0859461453338251,0.250092216894135,0.1440677297403605,0.0194025094641497
84,healthy,0.99,0.1279433389997331,0.4887218045112781,0.2502685284640172,0.2502685284640172,0.0107411385606874,0.1564573892246057,0.0285140502248726
84,unhealthy,0.83,0.1722244314697719,0.3318649045521292,0.4405286343612334,0.2227116984826235,0.0048947626040137,0.1841073326379836,0.0118829011682116
84,balanced,0.15,0.1366898974610675,0.1278814489571899,0.1278814489571899,0.37211855104281,0.37211855104281,0.1711557955439002,0.0344658980828327
85,healthy,0.9,0.1499458599984988,0.2723985536359984,0.2723985536359984,0.0936118923262354,0.3615910004017678,0.188527293759197,0.0385814337606982
85,unhealthy,0.8,0.1602819188798361,0.250092216894135,0.16783474732571,0.3319808188860199,0.250092216894135,0.1760259998173176,0.0157440809374815
85,balanced,0.12,0.1148865992054753,0.2227116984826236,0.2227116984826236,0.2227116984826236,0.3318649045521292,0.1387073029874491,0.0238207037819737
86,healthy,0.99,0.1385239222447739,0.3068530514831231,0.3068530514831231,0.0794408455506307,0.3068530514831231,0.1431785868190193,0.0046546645742454
86,unhealthy,1.0,0.1535550244710493,0.2723985536359984,0.3615910004017678,0.2723985536359984,0.0936118923262354,0.1640669494529122,0.0105119249818628
86,balanced,0.04,0.1200343497060369,0.3318649045521292,0.2227116984826236,0.2227116984826236,0.2227116984826236,0.1247960498819715,0.0047617001759345
87,healthy,1.0,0.1545152498792253,0.3068530514831231,0.0794408455506307,0.3068530514831231,0.3068530514831231,0.190357477353297,0.0358422274740717
87,unhealthy,0.82,0.1528033475355914,0.1828778135048231,0.3617363344051446,0.272508038585209,0.1828778135048231,0.154908755310423,0.0021054077748315
87,balanced,0.01,0.1319431618334907,0.4942339373970346,0.3723228995057661,0.1279516749038989,0.0054914881933003,0.1318765246470013,-6.663718648944328e-05
88,healthy,1.0,0.1611116117606716,0.2498627127951674,0.1279516749038989,0.1279516749038989,0.4942339373970346,0.1927724435324792,0.0316608317718075
88,unhealthy,0.86,0.1765630077503878,0.0794408455506307,0.3068530514831231,0.3068530514831231,0.3068530514831231,0.1869863914428585,0.0104233836924707
88,balanced,0.24,0.1182103353492578,0.3318649045521292,0.4405286343612334,0.0048947626040137,0.2227116984826236,0.1302243688142156,0.0120140334649578
89,healthy,0.9,0.1486851511402418,0.2723985536359984,0.2723985536359984,0.0936118923262354,0.3615910004017678,0.176360030899064,0.0276748797588221
89,unhealthy,0.88,0.1526701220453569,0.3318649045521292,0.4405286343612334,0.2227116984826235,0.0048947626040137,0.1810668832507742,0.0283967612054173
89,balanced,0.26,0.1379722421358775,0.3617363344051446,0.272508038585209,0.1828778135048231,0.1828778135048231,0.1558237465589649,0.0178515044230873
90,healthy,0.81,0.1752815447849596,0.2227116984826236,0.0048947626040137,0.3318649045521292,0.4405286343612334,0.1908313590057607,0.015549814220801
90,unhealthy,0.78,0.1885692030375188,0.16783474732571,0.3319808188860199,0.2500922168941349,0.2500922168941349,0.2017479459133258,0.0131787428758069
90,balanced,0.11,0.1176744883983606,0.424015009380863,0.2845528455284553,0.1457160725453408,0.1457160725453408,0.1423062947887726,0.0246318063904119
91,healthy,1.0,0.1544281294768421,0.3971756398940865,0.3971756398940865,0.1028243601059135,0.1028243601059135,0.1691592665189976,0.0147311370421554
91,unhealthy,0.84,0.1611918065129164,0.1551312649164677,0.3068530514831231,0.3068530514831231,0.231162632117286,0.1460646472721681,-0.0151271592407482
91,balanced,0.02,0.1088271166631838,0.2226027397260273,0.3317025440313111,0.1139921722113502,0.3317025440313111,0.1625469918157996,0.0537198751526157
92,healthy,0.94,0.1472430240950377,0.3319808188860199,0.16783474732571,0.2500922168941349,0.2500922168941349,0.1692835009446115,0.0220404768495737
92,unhealthy,0.87,0.1416216889696615,0.2007943512797881,0.2992056487202118,0.2992056487202118,0.2007943512797881,0.1838517210529566,0.042230032083295
92,balanced,0.65,0.1072225250054275,0.2310838445807771,0.2310838445807771,0.2310838445807771,0.3067484662576687,0.1243971182151525,0.0171745932097249
93,healthy,0.92,0.1336672843386137,0.2851711026615969,0.214828897338403,0.214828897338403,0.2851711026615969,0.1346653172873743,0.0009980329487606
93,unhealthy,0.99,0.1481317196421575,0.3318649045521292,0.4405286343612334,0.2227116984826235,0.0048947626040137,0.1471292085127758,-0.0010025111293816
93,balanced,0.16,0.1204190821820517,0.2227116984826236,0.2227116984826236,0.2227116984826236,0.3318649045521292,0.1351018795199937,0.0146827973379419
94,healthy,1.0,0.1472502075064293,0.3068530514831231,0.1551312649164677,0.231162632117286,0.3068530514831231,0.1732490207019117,0.0259988131954824
94,unhealthy,0.84,0.1791805656511486,0.2852614896988906,0.2852614896988906,0.2852614896988906,0.144215530903328,0.2051252662596094,0.0259447006084607
94,balanced,0.27,0.1484262038667748,0.3068530514831231,0.3068530514831231,0.1551312649164677,0.231162632117286,0.1443188985729872,-0.0041073052937876
95,healthy,0.99,0.1603267176374054,0.2723985536359984,0.2723985536359984,0.0936118923262354,0.3615910004017678,0.166634740864709,0.0063080232273035
95,unhealthy,0.78,0.149925716368972,0.2007943512797881,0.2007943512797881,0.2992056487202118,0.2992056487202118,0.2054224305500633,0.0554967141810912
95,balanced,0.13,0.1167776427496808,0.2500922168941349,0.3319808188860199,0.16783474732571,0.2500922168941349,0.1481961627972826,0.0314185200476017
96,healthy,0.93,0.1545147209313559,0.3068530514831231,0.0794408455506307,0.3068530514831231,0.3068530514831231,0.1658327380778741,0.0113180171465182
96,unhealthy,0.83,0.1964441043845899,0.0048947626040137,0.4405286343612334,0.2227116984826236,0.3318649045521292,0.1941408888455658,-0.0023032155390241
96,balanced,0.12,0.1341411818252516,0.2500922168941349,0.3319808188860199,0.16783474732571,0.2500922168941349,0.160034433793251,0.0258932519679994
97,healthy,1.0,0.1719861802075742,0.3068530514831231,0.0794408455506307,0.3068530514831231,0.3068530514831231,0.1861453327561738,0.0141591525485995
97,unhealthy,0.83,0.1619077069785315,0.1828778135048231,0.3617363344051446,0.272508038585209,0.1828778135048231,0.1826514240196722,0.0207437170411406
97,balanced,0.09,0.1409155943250221,0.2723985536359984,0.0936118923262354,0.3615910004017678,0.2723985536359984,0.1472381487736932,0.006322554448671
98,healthy,1.0,0.1545389990053329,0.3068530514831231,0.0794408455506307,0.3068530514831231,0.3068530514831231,0.1717591714610193,0.0172201724556864
98,unhealthy,0.86,0.1908701000117433,0.3318649045521292,0.4405286343612334,0.2227116984826235,0.0048947626040137,0.1876793785567696,-0.0031907214549737
98,balanced,0.1,0.1328581902364226,0.424015009380863,0.1457160725453408,0.2845528455284553,0.1457160725453408,0.1563666783240334,0.0235084880876108
99,healthy,1.0,0.153992678888009,0.272508038585209,0.3617363344051446,0.0040192926045016,0.3617363344051446,0.1837497603674782,0.0297570814794691
99,unhealthy,0.98,0.1345972991634058,0.1028243601059135,0.3971756398940865,0.2992056487202118,0.2007943512797881,0.1537786241884897,0.0191813250250839
99,balanced,0.0,0.1224316191829247,0.250092216894135,0.250092216894135,0.16783474732571,0.3319808188860199,0.1553850257888444,0.0329534066059197
0,healthy,1.0,0.1536773778770052,0.3319808188860199,0.250092216894135,0.0859461453338251,0.3319808188860199,0.1769855333726802,0.0233081554956749
0,unhealthy,1.0,0.1363777352078047,0.0794408455506307,0.3068530514831231,0.3068530514831231,0.3068530514831231,0.1721440865961259,0.0357663513883212
0,balanced,0.96,0.1508988603717713,0.3617363344051446,0.1828778135048231,0.272508038585209,0.1828778135048231,0.1657245711336446,0.0148257107618733
1,healthy,1.0,0.1726354597743299,0.2992056487202118,0.0044130626654898,0.3971756398940865,0.2992056487202118,0.1844423952444748,0.0118069354701448
1,unhealthy,0.79,0.1603069120957264,0.2992056487202118,0.0044130626654898,0.3971756398940865,0.2992056487202118,0.1451356554400298,-0.0151712566556966
1,balanced,0.01,0.1263686724957602,0.2851711026615969,0.214828897338403,0.2851711026615969,0.214828897338403,0.1557397758513836,0.0293711033556234
2,healthy,1.0,0.1590312983238483,0.3319808188860199,0.16783474732571,0.2500922168941349,0.2500922168941349,0.1808247926876074,0.0217934943637591
2,unhealthy,0.89,0.1702538329823159,0.0936495176848874,0.1828778135048231,0.3617363344051447,0.3617363344051447,0.1762282896871639,0.005974456704848
2,balanced,0.06,0.1201556558018041,0.2008830022075055,0.2008830022075055,0.2008830022075055,0.3973509933774835,0.1351449372330895,0.0149892814312853
3,healthy,0.89,0.1256153429384536,0.2990736656374062,0.1027790030877812,0.2990736656374062,0.2990736656374062,0.1376995959751489,0.0120842530366953
3,unhealthy,0.84,0.1494389839774673,0.1551312649164677,0.3068530514831231,0.3068530514831231,0.231162632117286,0.1878021850377432,0.0383632010602758
3,balanced,0.25,0.1138961735674535,0.4405286343612334,0.2227116984826236,0.2227116984826236,0.1140479686735193,0.1410009889229413,0.0271048153554877
4,healthy,1.0,0.1604525371173436,0.2723985536359984,0.0936118923262354,0.2723985536359984,0.3615910004017678,0.1972729390267483,0.0368204019094046
4,unhealthy,0.99,0.1427675175322275,0.231162632117286,0.3068530514831231,0.3068530514831231,0.1551312649164677,0.1566303039190624,0.0138627863868349
4,balanced,0.22,0.146763055910349,0.1828778135048231,0.1828778135048231,0.272508038585209,0.3617363344051447,0.1566003460922556,0.0098372901819066
5,healthy,1.0,0.1560371280858338,0.3319808188860199,0.250092216894135,0.0859461453338251,0.3319808188860199,0.1882747913576121,0.0322376632717782
5,unhealthy,1.0,0.155707456995796,0.2498627127951674,0.2498627127951674,0.3723228995057661,0.1279516749038989,0.1667299861606862,0.0110225291648901
5,balanced,0.13,0.1497325545561855,0.1457160725453408,0.1457160725453408,0.2845528455284552,0.424015009380863,0.1568399724081863,0.0071074178520007
6,healthy,0.93,0.1547231775167573,0.4242803504380476,0.2847309136420525,0.2847309136420525,0.0062578222778473,0.1852555311052845,0.0305323535885272
6,unhealthy,1.0,0.1656856581765002,0.1028243601059135,0.3971756398940865,0.2992056487202118,0.2007943512797881,0.1900025685346603,0.0243169103581601
6,balanced,0.06,0.1376351909604385,0.1828778135048231,0.3617363344051446,0.0936495176848874,0.3617363344051446,0.1436838165171303,0.0060486255566918
7,healthy,1.0,0.1226586747878416,0.4405286343612334,0.2227116984826235,0.3318649045521292,0.0048947626040137,0.1396747497390008,0.0170160749511591
7,unhealthy,1.0,0.1667796291339806,0.231162632117286,0.3068530514831231,0.3068530514831231,0.1551312649164677,0.1636202130671673,-0.0031594160668132
7,balanced,0.06,0.1335372830689943,0.3318649045521292,0.2227116984826236,0.2227116984826236,0.2227116984826236,0.1445785821899091,0.0110412991209148
8,healthy,1.0,0.1471161823043089,0.3068530514831231,0.0794408455506307,0.3068530514831231,0.3068530514831231,0.1682098854327275,0.0210937031284186
8,unhealthy,0.99,0.1709280572835489,0.1278814489571899,0.1278814489571899,0.37211855104281,0.37211855104281,0.164149092250796,-0.0067789650327529
8,balanced,0.14,0.1351398555483798,0.4403131115459883,0.1139921722113503,0.3317025440313112,0.1139921722113503,0.1447510302577044,0.0096111747093246
9,healthy,1.0,0.162307630317629,0.2498627127951674,0.1279516749038989,0.1279516749038989,0.4942339373970346,0.1738838091306097,0.0115761788129807
9,unhealthy,0.98,0.1814794674695159,0.3319808188860199,0.250092216894135,0.3319808188860199,0.0859461453338251,0.1795764408006704,-0.0019030266688455
9,balanced,0.04,0.1411796740177391,0.0205761316872428,0.0205761316872428,0.4794238683127572,0.4794238683127572,0.1653421184156484,0.0241624443979092
10,healthy,0.82,0.1499328699584653,0.3319808188860199,0.2500922168941349,0.2500922168941349,0.16783474732571,0.1780284545657098,0.0280955846072444
10,unhealthy,1.0,0.1538179645489514,0.250092216894135,0.3319808188860199,0.3319808188860199,0.0859461453338251,0.148795772666609,-0.0050221918823424
10,balanced,0.05,0.126468135868585,0.2664298401420959,0.2007104795737122,0.2664298401420959,0.2664298401420959,0.1585577063902835,0.0320895705216985
11,healthy,0.81,0.1637829555208866,0.2992056487202118,0.3971756398940865,0.1028243601059135,0.2007943512797881,0.1797523075515546,0.0159693520306679
11,unhealthy,0.86,0.1824125688593943,0.1278814489571899,0.1278814489571899,0.37211855104281,0.37211855104281,0.1917308687968355,0.0093182999374411
11,balanced,0.0,0.1412855539243176,0.3617363344051447,0.3617363344051447,0.0936495176848874,0.1828778135048231,0.1424019804637753,0.0011164265394576
12,healthy,1.0,0.1482666672594481,0.3068530514831231,0.0794408455506307,0.3068530514831231,0.3068530514831231,0.1698613480469883,0.0215946807875402
12,unhealthy,0.99,0.1668477407625759,0.0794408455506307,0.3068530514831231,0.3068530514831231,0.3068530514831231,0.2010677492122001,0.0342200084496241
12,balanced,0.05,0.1064134047937558,0.424015009380863,0.2845528455284553,0.1457160725453408,0.1457160725453408,0.1180636036003427,0.0116501988065868
13,healthy,0.92,0.144464304785415,0.3319808188860199,0.16783474732571,0.2500922168941349,0.2500922168941349,0.1808574506928384,0.0363931459074233
13,unhealthy,0.86,0.1618528146469735,0.3971756398940864,0.2992056487202117,0.2992056487202117,0.0044130626654898,0.1798177094123932,0.0179648947654197
13,balanced,0.28,0.1409072216291917,0.1028243601059135,0.2992056487202118,0.2007943512797881,0.3971756398940865,0.1291056391723423,-0.0118015824568493
14,healthy,0.99,0.1529397783839817,0.2019064124783362,0.0086655112651646,0.2019064124783362,0.587521663778163,0.1639474858319885,0.0110077074480067
14,unhealthy,0.98,0.1496604752758152,0.3971756398940864,0.2992056487202117,0.2992056487202117,0.0044130626654898,0.1411019763524737,-0.0085584989233414
14,balanced,0.48,0.1208312694144315,0.2019064124783362,0.2019064124783362,0.2019064124783362,0.3942807625649913,0.1351110705123461,0.0142798010979145
15,healthy,0.9,0.1890628631115219,0.250092216894135,0.0859461453338251,0.3319808188860199,0.3319808188860199,0.1820486883039341,-0.0070141748075877
15,unhealthy,1.0,0.1508215366939098,0.1828778135048231,0.1828778135048231,0.3617363344051446,0.272508038585209,0.1657071370592587,0.0148856003653489
15,balanced,0.08,0.1011204995124892,0.250092216894135,0.16783474732571,0.3319808188860199,0.250092216894135,0.1343354702027217,0.0332149706902325
16,healthy,0.99,0.1265407479419613,0.3068530514831231,0.231162632117286,0.1551312649164677,0.3068530514831231,0.1494684953600869,0.0229277474181255
16,unhealthy,0.9,0.1465583746081376,0.0040192926045016,0.3617363344051447,0.272508038585209,0.3617363344051447,0.1603584153350263,0.0138000407268887
16,balanced,0.26,0.1147478880959757,0.1828778135048231,0.3617363344051446,0.0936495176848874,0.3617363344051446,0.1542907280538854,0.0395428399579096
17,healthy,0.98,0.1488174662745827,0.2992056487202118,0.1028243601059135,0.2007943512797881,0.3971756398940865,0.1899571087650033,0.0411396424904205
17,unhealthy,0.77,0.1720323638369253,0.3319808188860199,0.250092216894135,0.3319808188860199,0.0859461453338251,0.1810860818785476,0.0090537180416222
17,balanced,0.11,0.1121386242217871,0.0062578222778473,0.2847309136420525,0.1458072590738423,0.5632040050062578,0.1242230400372188,0.0120844158154316
18,healthy,1.0,0.1814521541902101,0.3617363344051446,0.1828778135048231,0.0936495176848874,0.3617363344051446,0.2020087738672509,0.0205566196770407
18,unhealthy,0.99,0.1344122332176976,0.231162632117286,0.3068530514831231,0.3068530514831231,0.1551312649164677,0.1565710103044184,0.0221587770867208
18,balanced,0.06,0.1045373263643108,0.250092216894135,0.16783474732571,0.250092216894135,0.3319808188860199,0.1271864951852344,0.0226491688209235
19,healthy,1.0,0.1419702505760285,0.3319808188860199,0.250092216894135,0.0859461453338251,0.3319808188860199,0.1681469348806192,0.0261766843045907
19,unhealthy,0.85,0.1666212335950564,0.0048947626040137,0.4405286343612334,0.2227116984826236,0.3318649045521292,0.1398496842211683,-0.0267715493738881
19,balanced,0.27,0.133619686388446,0.3319808188860199,0.16783474732571,0.2500922168941349,0.2500922168941349,0.1500195359819842,0.0163998495935381
20,healthy,0.91,0.1585015128473495,0.3067484662576686,0.231083844580777,0.231083844580777,0.231083844580777,0.1795279220596096,0.02102640921226
20,unhealthy,0.91,0.1754301898192764,0.0044130626654898,0.2992056487202118,0.2992056487202118,0.3971756398940865,0.190166111372676,0.0147359215533996
20,balanced,0.01,0.1258718715382973,0.2723985536359984,0.3615910004017678,0.0936118923262354,0.2723985536359984,0.1416667454047306,0.0157948738664332
21,healthy,0.83,0.1756450671541172,0.3615910004017678,0.2723985536359984,0.2723985536359984,0.0936118923262354,0.1648254305229842,-0.010819636631133
21,unhealthy,0.89,0.1460730759983328,0.1551312649164677,0.3068530514831231,0.3068530514831231,0.231162632117286,0.1809730993576944,0.0349000233593615
21,balanced,0.36,0.1163470886385916,0.1828778135048231,0.1828778135048231,0.272508038585209,0.3617363344051447,0.1371023946943952,0.0207553060558035
22,healthy,0.81,0.1646170967946001,0.2227116984826236,0.0048947626040137,0.3318649045521292,0.4405286343612334,0.192227886718341,0.0276107899237408
22,unhealthy,1.0,0.1791865169016623,0.0936118923262354,0.3615910004017678,0.2723985536359984,0.2723985536359984,0.189569577078293,0.0103830601766306
22,balanced,0.24,0.1345223592700181,0.2019064124783362,0.2019064124783362,0.2019064124783362,0.3942807625649913,0.1350968179996919,0.0005744587296738
23,healthy,0.91,0.16251306149786,0.3946227233304423,0.588031222896791,0.0086730268863833,0.0086730268863833,0.1525393824951936,-0.0099736790026663
23,unhealthy,1.0,0.1841168012339555,0.0936118923262354,0.3615910004017678,0.2723985536359984,0.2723985536359984,0.2074651463779236,0.023348345143968
23,balanced,0.48,0.1380859050414762,0.3723228995057661,0.1279516749038989,0.2498627127951674,0.2498627127951674,0.1488440706923086,0.0107581656508323
24,healthy,1.0,0.1499359021191454,0.3068530514831231,0.231162632117286,0.1551312649164677,0.3068530514831231,0.1573205661136874,0.0073846639945419
24,unhealthy,1.0,0.1545740663117462,0.1678966789667896,0.3321033210332103,0.3321033210332103,0.1678966789667896,0.1373532407580339,-0.0172208255537122
24,balanced,0.22,0.1341041391119989,0.3721185510428101,0.1278814489571899,0.3721185510428101,0.1278814489571899,0.1474186252873034,0.0133144861753045
25,healthy,0.99,0.1461526000913387,0.3306686046511627,0.1693313953488372,0.1693313953488372,0.3306686046511627,0.1451751616691511,-0.0009774384221876
25,unhealthy,0.86,0.1762098889269613,0.3318649045521292,0.4405286343612334,0.2227116984826235,0.0048947626040137,0.1965749136345806,0.0203650247076193
25,balanced,0.32,0.1100631894198977,0.2310838445807771,0.2310838445807771,0.2310838445807771,0.3067484662576687,0.1075232364089788,-0.0025399530109188
26,healthy,1.0,0.1451934631765228,0.3068530514831231,0.1551312649164677,0.231162632117286,0.3068530514831231,0.1725127806394601,0.0273193174629373
26,unhealthy,0.78,0.1544536887521992,0.3319808188860199,0.0859461453338251,0.3319808188860199,0.250092216894135,0.1827696741476734,0.0283159853954742
26,balanced,0.11,0.123449783468874,0.3319808188860199,0.2500922168941349,0.16783474732571,0.2500922168941349,0.1122588219797234,-0.0111909614891505
27,healthy,1.0,0.1394787158365072,0.3317025440313111,0.3317025440313111,0.1139921722113502,0.2226027397260273,0.1549753912963453,0.0154966754598381
27,unhealthy,0.83,0.1539986334468489,0.0048947626040137,0.3318649045521292,0.2227116984826236,0.4405286343612334,0.1797394995845172,0.0257408661376683
27,balanced,0.03,0.129841171750654,0.2310838445807771,0.2310838445807771,0.2310838445807771,0.3067484662576687,0.1477482513721953,0.0179070796215413
28,healthy,0.91,0.1324820680800797,0.3973509933774834,0.2008830022075055,0.3973509933774834,0.0044150110375275,0.1376804747546183,0.0051984066745386
28,unhealthy,0.9,0.1506983908415407,0.250092216894135,0.16783474732571,0.3319808188860199,0.250092216894135,0.1814700846465656,0.0307716938050248
28,balanced,0.96,0.1291086657160698,0.0072674418604651,0.1693313953488372,0.3306686046511627,0.4927325581395348,0.1408707629483903,0.0117620972323204
29,healthy,0.81,0.1644564874231973,0.2227116984826236,0.1140479686735193,0.2227116984826236,0.4405286343612334,0.1652860386446887,0.0008295512214914
29,unhealthy,0.8,0.1597783981948004,0.2847309136420525,0.2847309136420525,0.2847309136420525,0.1458072590738423,0.1707520624084333,0.0109736642136329
29,balanced,0.04,0.1421115915809461,0.1457160725453408,0.1457160725453408,0.2845528455284552,0.424015009380863,0.1605976948505806,0.0184861032696344
30,healthy,0.93,0.1656260321130502,0.250092216894135,0.3319808188860199,0.0859461453338251,0.3319808188860199,0.1956420360786455,0.0300160039655953
30,unhealthy,0.98,0.1716967422285633,0.2723985536359984,0.3615910004017678,0.2723985536359984,0.0936118923262354,0.1763164124533504,0.004619670224787
30,balanced,0.27,0.1244156239659001,0.250092216894135,0.3319808188860199,0.0859461453338251,0.3319808188860199,0.1303337030399676,0.0059180790740674
31,healthy,0.98,0.1858953354305975,0.3068530514831231,0.3068530514831231,0.0794408455506307,0.3068530514831231,0.1865859739061056,0.000690638475508
31,unhealthy,0.91,0.1779988264820031,0.2990736656374062,0.2990736656374062,0.2990736656374062,0.1027790030877812,0.1873399091622613,0.0093410826802582
31,balanced,0.26,0.1366127569029059,0.3617363344051446,0.272508038585209,0.1828778135048231,0.1828778135048231,0.1529651945756227,0.0163524376727167
32,healthy,1.0,0.1563176171244496,0.272508038585209,0.1828778135048231,0.1828778135048231,0.3617363344051447,0.1618647998565139,0.0055471827320642
32,unhealthy,0.82,0.1583494650081782,0.0054914881933003,0.3723228995057661,0.2498627127951674,0.3723228995057661,0.1693375168264344,0.0109880518182562
32,balanced,0.12,0.1431856497906787,0.3317025440313111,0.1139921722113502,0.3317025440313111,0.2226027397260273,0.1757266707992373,0.0325410210085585
33,healthy,1.0,0.1814819013790485,0.3319808188860199,0.0859461453338251,0.3319808188860199,0.250092216894135,0.1889555644169157,0.0074736630378672
33,unhealthy,0.9,0.1364995207616844,0.4405286343612334,0.2227116984826235,0.3318649045521292,0.0048947626040137,0.1375960987570635,0.0010965779953791
33,balanced,0.02,0.112379802456756,0.424015009380863,0.1457160725453408,0.2845528455284553,0.1457160725453408,0.1271794365385128,0.0147996340817567
34,healthy,0.93,0.1484256334421541,0.272508038585209,0.1828778135048231,0.1828778135048231,0.3617363344051447,0.1709848380814805,0.0225592046393263
34,unhealthy,0.89,0.1620293904045401,0.0054914881933003,0.1279516749038989,0.3723228995057661,0.4942339373970346,0.172504661821002,0.0104752714164618
34,balanced,0.22,0.1280552744440516,0.2851711026615969,0.214828897338403,0.2851711026615969,0.214828897338403,0.1360235085002773,0.0079682340562256
35,healthy,1.0,0.166462579661335,0.3615910004017678,0.2723985536359984,0.0936118923262354,0.2723985536359984,0.1903021840351959,0.0238396043738608
35,unhealthy,0.86,0.1437578451221692,0.2500922168941349,0.2500922168941349,0.3319808188860199,0.16783474732571,0.1646532627782766,0.0208954176561073
35,balanced,0.0,0.1167270398611538,0.250092216894135,0.16783474732571,0.250092216894135,0.3319808188860199,0.1431373689007893,0.0264103290396355
36,healthy,0.94,0.1398505658794199,0.3068530514831231,0.3068530514831231,0.0794408455506307,0.3068530514831231,0.1754509064476127,0.0356003405681928
36,unhealthy,1.0,0.1528255333254405,0.1028243601059135,0.3971756398940865,0.2992056487202118,0.2007943512797881,0.1600914428930581,0.0072659095676175
36,balanced,0.05,0.1240600775236017,0.2723985536359984,0.0936118923262354,0.3615910004017678,0.2723985536359984,0.1332651459939702,0.0092050684703684
37,healthy,1.0,0.1654324410297458,0.1693313953488372,0.1693313953488372,0.0072674418604651,0.6540697674418605,0.1672346707479619,0.0018022297182161
37,unhealthy,1.0,0.141695877142559,0.1551312649164677,0.3068530514831231,0.3068530514831231,0.231162632117286,0.1575129426648222,0.0158170655222632
37,balanced,0.94,0.1233324177683073,0.3942807625649913,0.2019064124783362,0.2019064124783362,0.2019064124783362,0.1285331578908893,0.0052007401225819
38,healthy,1.0,0.1622053086138012,0.2502685284640172,0.0107411385606874,0.2502685284640172,0.4887218045112782,0.1708979849088077,0.0086926762950065
38,unhealthy,1.0,0.1389625196475496,0.1693313953488372,0.6540697674418605,0.1693313953488372,0.0072674418604651,0.140326508315398,0.0013639886678484
38,balanced,0.11,0.1308528349120117,0.3068530514831231,0.231162632117286,0.1551312649164677,0.3068530514831231,0.1555390292487558,0.0246861943367441
39,healthy,1.0,0.151337331881753,0.4945054945054944,0.0054945054945054,0.4945054945054944,0.0054945054945054,0.1427576369851442,-0.0085796948966088
39,unhealthy,0.99,0.1558039817610964,0.2007943512797881,0.3971756398940864,0.2992056487202117,0.1028243601059134,0.1818301131011952,0.0260261313400988
39,balanced,0.04,0.1284538559279122,0.3617363344051446,0.272508038585209,0.1828778135048231,0.1828778135048231,0.1248363360622059,-0.0036175198657063
40,healthy,0.95,0.1612377035245925,0.2227116984826236,0.3318649045521292,0.0048947626040137,0.4405286343612334,0.1800185445910026,0.0187808410664101
40,unhealthy,0.99,0.1632290005356235,0.0072674418604651,0.6540697674418605,0.1693313953488372,0.1693313953488372,0.1820967246961721,0.0188677241605485
40,balanced,0.05,0.1303503570090954,0.3318649045521292,0.4405286343612334,0.0048947626040137,0.2227116984826236,0.1337168343939634,0.003366477384868
41,healthy,0.82,0.1411903312371185,0.3068530514831231,0.1551312649164677,0.231162632117286,0.3068530514831231,0.1450253206083527,0.0038349893712341
41,unhealthy,0.99,0.1571846799763596,0.0141043723554301,0.3286318758815233,0.3286318758815233,0.3286318758815233,0.1615859262363249,0.0044012462599652
41,balanced,0.05,0.1161237424480109,0.2992056487202118,0.2007943512797881,0.2992056487202118,0.2007943512797881,0.1274403494868481,0.0113166070388372
42,healthy,0.92,0.1903511698448848,0.2723985536359984,0.2723985536359984,0.0936118923262354,0.3615910004017678,0.2081245535161267,0.0177733836712418
42,unhealthy,0.99,0.1695580692366432,0.0141043723554301,0.3286318758815233,0.3286318758815233,0.3286318758815233,0.1891184597336709,0.0195603904970276
42,balanced,0.04,0.1142080916897672,0.3067484662576686,0.231083844580777,0.231083844580777,0.231083844580777,0.1439064023572143,0.0296983106674471
43,healthy,0.73,0.1427047178798547,0.2851711026615969,0.214828897338403,0.214828897338403,0.2851711026615969,0.1596832260340589,0.0169785081542042
43,unhealthy,0.87,0.1506062236497032,0.2723985536359984,0.3615910004017678,0.2723985536359984,0.0936118923262354,0.152914094994162,0.0023078713444587
43,balanced,0.18,0.1067690990273199,0.2723985536359984,0.1828043390920048,0.2723985536359984,0.2723985536359984,0.1552129108887439,0.048443811861424
44,healthy,1.0,0.1373351974725441,0.3319808188860199,0.0859461453338251,0.250092216894135,0.3319808188860199,0.1510941040853812,0.0137589066128371
44,unhealthy,1.0,0.1438765467149102,0.250092216894135,0.3319808188860199,0.3319808188860199,0.0859461453338251,0.1758377295485785,0.0319611828336683
44,balanced,0.0,0.133323736343926,0.1457160725453408,0.1457160725453408,0.2845528455284552,0.424015009380863,0.1617248567890705,0.0284011204451445
45,healthy,1.0,0.1546363700665115,0.3319808188860199,0.0859461453338251,0.3319808188860199,0.250092216894135,0.170643583544422,0.0160072134779105
45,unhealthy,0.88,0.1536281285514917,0.1551312649164677,0.3068530514831231,0.3068530514831231,0.231162632117286,0.1909286445902973,0.0373005160388056
45,balanced,0.42,0.1438606253408876,0.4405286343612334,0.2227116984826236,0.2227116984826236,0.1140479686735193,0.1540046457558205,0.0101440204149329
46,healthy,1.0,0.1703445842128464,0.2723985536359984,0.2723985536359984,0.0936118923262354,0.3615910004017678,0.2004117141457479,0.0300671299329015
46,unhealthy,0.77,0.1936766126343867,0.0936118923262354,0.2723985536359984,0.2723985536359984,0.3615910004017678,0.2063232014488261,0.0126465888144393
46,balanced,0.05,0.1291940337052479,0.2310838445807771,0.2310838445807771,0.2310838445807771,0.3067484662576687,0.1423750401297974,0.0131810064245495
47,healthy,1.0,0.1336648141372993,0.3068530514831231,0.231162632117286,0.1551312649164677,0.3068530514831231,0.1453137333440775,0.0116489192067782
47,unhealthy,1.0,0.1564135150482283,0.1551312649164677,0.3068530514831231,0.3068530514831231,0.231162632117286,0.166863431338687,0.0104499162904587
47,balanced,0.12,0.1337018839493066,0.2664298401420959,0.2664298401420959,0.2007104795737122,0.2664298401420959,0.155747103812135,0.0220452198628283
48,healthy,0.79,0.1623192472202716,0.250092216894135,0.0859461453338251,0.3319808188860199,0.3319808188860199,0.1938816772773408,0.0315624300570691
48,unhealthy,0.79,0.1675092118708992,0.1028243601059135,0.2007943512797881,0.2992056487202118,0.3971756398940865,0.1699991219553019,0.0024899100844027
48,balanced,0.2,0.1246203009829808,0.2227116984826236,0.2227116984826236,0.2227116984826236,0.3318649045521292,0.1276817611501683,0.0030614601671875
49,healthy,1.0,0.1296154076316022,0.2845528455284552,0.1457160725453408,0.1457160725453408,0.424015009380863,0.157757703976528,0.0281422963449257
49,unhealthy,0.89,0.1248310668667363,0.1828778135048231,0.3617363344051446,0.272508038585209,0.1828778135048231,0.1349595338534887,0.0101284669867524
49,balanced,0.04,0.1214798266095232,0.2847309136420525,0.1458072590738423,0.2847309136420525,0.2847309136420525,0.1377652698682464,0.0162854432587232
50,healthy,0.87,0.1625285130330205,0.250092216894135,0.16783474732571,0.250092216894135,0.3319808188860199,0.1889683953004891,0.0264398822674686
50,unhealthy,0.84,0.1775908921399497,0.214828897338403,0.2851711026615969,0.2851711026615969,0.214828897338403,0.1954461502310486,0.0178552580910989
50,balanced,0.03,0.11492173897704,0.1140479686735193,0.2227116984826236,0.2227116984826236,0.4405286343612334,0.1500313829831859,0.0351096440061459
51,healthy,1.0,0.1536952354456604,0.3319808188860199,0.0859461453338251,0.250092216894135,0.3319808188860199,0.1575912400793533,0.0038960046336928
51,unhealthy,0.86,0.1597372592857322,0.231162632117286,0.3068530514831231,0.3068530514831231,0.1551312649164677,0.1744035512887061,0.0146662920029738
51,balanced,0.04,0.1256464690059679,0.3318649045521292,0.2227116984826236,0.2227116984826236,0.2227116984826236,0.1451003243726684,0.0194538553667005
52,healthy,0.7,0.1503502826412899,0.231162632117286,0.1551312649164677,0.3068530514831231,0.3068530514831231,0.1733814517598307,0.0230311691185407
52,unhealthy,0.9,0.189727638732159,0.2227116984826236,0.4405286343612334,0.2227116984826236,0.1140479686735193,0.2015755637610787,0.0118479250289197
52,balanced,0.06,0.1511711771331018,0.2226027397260273,0.1139921722113502,0.3317025440313111,0.3317025440313111,0.1646388379560881,0.0134676608229863
53,healthy,1.0,0.1516632801397165,0.3617363344051447,0.0936495176848874,0.1828778135048231,0.3617363344051447,0.1593306162120601,0.0076673360723436
53,unhealthy,0.88,0.1327570274370592,0.1551312649164677,0.3068530514831231,0.3068530514831231,0.231162632117286,0.1813294264307604,0.0485723989937011
53,balanced,0.04,0.1200412072954321,0.2007943512797881,0.3971756398940865,0.1028243601059135,0.2992056487202118,0.1207689801536807,0.0007277728582485
54,healthy,0.99,0.1553158241692636,0.3068530514831231,0.0794408455506307,0.3068530514831231,0.3068530514831231,0.166313717366047,0.0109978931967834
54,unhealthy,0.87,0.1620665065984836,0.3068530514831231,0.3068530514831231,0.3068530514831231,0.0794408455506307,0.2151523726264251,0.0530858660279414
54,balanced,0.0,0.1463647296623381,0.2723985536359984,0.3615910004017678,0.0936118923262354,0.2723985536359984,0.1452552375297185,-0.0011094921326195
55,healthy,1.0,0.1641902179073393,0.3068530514831231,0.3068530514831231,0.0794408455506307,0.3068530514831231,0.1688911875276881,0.0047009696203488
55,unhealthy,0.96,0.159755954274861,0.0794408455506307,0.3068530514831231,0.3068530514831231,0.3068530514831231,0.1914590641915533,0.0317031099166922
55,balanced,0.17,0.1509089356912065,0.1140479686735193,0.2227116984826236,0.2227116984826236,0.4405286343612334,0.1425769152368,-0.0083320204544065
56,healthy,0.96,0.1633016575708592,0.3068530514831231,0.3068530514831231,0.0794408455506307,0.3068530514831231,0.1897784263667125,0.0264767687958533
56,unhealthy,0.84,0.1870886392590624,0.214828897338403,0.2851711026615969,0.2851711026615969,0.214828897338403,0.2171627479275885,0.0300741086685261
56,balanced,0.02,0.1302370546419205,0.3318649045521292,0.0048947626040137,0.4405286343612334,0.2227116984826236,0.1454058260753857,0.0151687714334652
57,healthy,1.0,0.1241094699256525,0.3317025440313111,0.2226027397260273,0.1139921722113502,0.3317025440313111,0.1478626881538715,0.023753218228219
57,unhealthy,1.0,0.1516704655938587,0.3318649045521292,0.0048947626040137,0.4405286343612334,0.2227116984826236,0.1768568109785738,0.025186345384715
57,balanced,0.05,0.1208441013060263,0.3617363344051446,0.1828778135048231,0.272508038585209,0.1828778135048231,0.1330532499135985,0.0122091486075721
58,healthy,1.0,0.1593331315021775,0.2992056487202118,0.1028243601059135,0.2007943512797881,0.3971756398940865,0.1515953061855379,-0.0077378253166396
58,unhealthy,0.99,0.1635064968062424,0.2723985536359984,0.3615910004017678,0.2723985536359984,0.0936118923262354,0.1671547974171208,0.0036483006108784
58,balanced,0.12,0.1415137667251066,0.1140479686735193,0.2227116984826236,0.2227116984826236,0.4405286343612334,0.150303547816316,0.0087897810912093
59,healthy,0.88,0.170803800417582,0.2992056487202118,0.3971756398940865,0.1028243601059135,0.2007943512797881,0.1964869148007786,0.0256831143831965
59,unhealthy,0.86,0.1435867251607283,0.0054914881933003,0.1279516749038989,0.3723228995057661,0.4942339373970346,0.1697149545635654,0.0261282294028371
59,balanced,0.08,0.1179045077208551,0.424015009380863,0.2845528455284553,0.1457160725453408,0.1457160725453408,0.1431322672011464,0.0252277594802913
60,healthy,1.0,0.1508598407838036,0.2723985536359984,0.2723985536359984,0.0936118923262354,0.3615910004017678,0.1667622561594023,0.0159024153755986
60,unhealthy,1.0,0.1618704347143431,0.3068530514831231,0.3068530514831231,0.3068530514831231,0.0794408455506307,0.161443663054303,-0.0004267716600401
60,balanced,0.13,0.1219863449435009,0.3617363344051447,0.0936495176848874,0.3617363344051447,0.1828778135048231,0.1367302006519512,0.0147438557084502
61,healthy,0.91,0.1924655165682114,0.2852614896988906,0.2852614896988906,0.144215530903328,0.2852614896988906,0.2246087953460242,0.0321432787778127
61,unhealthy,0.9,0.1448097934249948,0.231162632117286,0.3068530514831231,0.3068530514831231,0.1551312649164677,0.1443477093814198,-0.000462084043575
61,balanced,0.25,0.1212558834234583,0.3617363344051446,0.1828778135048231,0.272508038585209,0.1828778135048231,0.1208894673392991,-0.0003664160841591
62,healthy,0.93,0.1667457112698342,0.272508038585209,0.1828778135048231,0.1828778135048231,0.3617363344051447,0.1893145245193635,0.0225688132495293
62,unhealthy,0.77,0.1254324640750523,0.250092216894135,0.16783474732571,0.3319808188860199,0.250092216894135,0.1504876443662468,0.0250551802911944
62,balanced,0.93,0.1258484499308511,0.1457160725453408,0.2845528455284552,0.1457160725453408,0.424015009380863,0.1325837557585189,0.0067353058276677
63,healthy,1.0,0.1711430941039446,0.3068530514831231,0.231162632117286,0.1551312649164677,0.3068530514831231,0.1675412866405987,-0.0036018074633458
63,unhealthy,1.0,0.1502841116030502,0.250092216894135,0.3319808188860199,0.3319808188860199,0.0859461453338251,0.1682378812209367,0.0179537696178865
63,balanced,0.04,0.1647137826429411,0.231162632117286,0.3068530514831231,0.1551312649164677,0.3068530514831231,0.1716491928942902,0.006935410251349
64,healthy,0.89,0.1920892341979435,0.2227116984826236,0.3318649045521292,0.0048947626040137,0.4405286343612334,0.1951401232735608,0.0030508890756173
64,unhealthy,0.89,0.1788844040823317,0.0859461453338251,0.3319808188860199,0.3319808188860199,0.250092216894135,0.2046355098397467,0.0257511057574149
64,balanced,0.09,0.1424951113254091,0.3971756398940865,0.1028243601059135,0.2992056487202118,0.2007943512797881,0.1324187935034687,-0.0100763178219404
65,healthy,0.92,0.1525996526838089,0.3068530514831231,0.1551312649164677,0.231162632117286,0.3068530514831231,0.1682229208356921,0.0156232681518832
65,unhealthy,0.99,0.2030557858897244,0.1028243601059135,0.3971756398940865,0.2992056487202118,0.2007943512797881,0.2075154306125283,0.0044596447228039
65,balanced,0.03,0.1128518774042198,0.3317025440313111,0.3317025440313111,0.1139921722113502,0.2226027397260273,0.1394007294552574,0.0265488520510375
66,healthy,0.9,0.1847734066275442,0.2664298401420959,0.2007104795737122,0.2664298401420959,0.2664298401420959,0.1920842761512271,0.0073108695236829
66,unhealthy,0.85,0.1912644054041525,0.1828778135048231,0.3617363344051446,0.272508038585209,0.1828778135048231,0.1977394342289436,0.006475028824791
66,balanced,0.39,0.1310364468242701,0.3319808188860199,0.3319808188860199,0.0859461453338251,0.250092216894135,0.1353824128752682,0.0043459660509981
67,healthy,1.0,0.1484854658596581,0.3617363344051446,0.0040192926045016,0.3617363344051446,0.272508038585209,0.1987363519478177,0.0502508860881596
67,unhealthy,0.99,0.1677596892606766,0.0794408455506307,0.3068530514831231,0.3068530514831231,0.3068530514831231,0.1742796290595348,0.0065199397988582
67,balanced,0.1,0.1268985878854333,0.2723985536359984,0.1828043390920048,0.2723985536359984,0.2723985536359984,0.1420867863021633,0.0151881984167299
68,healthy,0.96,0.1602359058340215,0.3068530514831231,0.0794408455506307,0.3068530514831231,0.3068530514831231,0.173395527082365,0.0131596212483435
68,unhealthy,1.0,0.1418228067159467,0.2992056487202119,0.2007943512797882,0.3971756398940865,0.1028243601059135,0.1263123931845091,-0.0155104135314375
68,balanced,0.14,0.1109397589158044,0.1457160725453408,0.1457160725453408,0.2845528455284552,0.424015009380863,0.13264658040973,0.0217068214939255
69,healthy,1.0,0.1532479494668502,0.2723985536359984,0.0936118923262354,0.2723985536359984,0.3615910004017678,0.1505680048527246,-0.0026799446141255
69,unhealthy,0.77,0.1800577044960788,0.1828778135048231,0.3617363344051446,0.272508038585209,0.1828778135048231,0.202002561474524,0.0219448569784451
69,balanced,0.31,0.1177458719947611,0.2847309136420525,0.1458072590738423,0.2847309136420525,0.2847309136420525,0.1460733839241604,0.0283275119293992
70,healthy,0.69,0.1662267653786582,0.3317025440313111,0.1139921722113502,0.3317025440313111,0.2226027397260273,0.170180436387686,0.0039536710090277
70,unhealthy,0.97,0.1847627549720516,0.0048947626040137,0.4405286343612334,0.2227116984826236,0.3318649045521292,0.1843486207243459,-0.0004141342477056
70,balanced,0.04,0.1141721031892247,0.3319808188860199,0.16783474732571,0.2500922168941349,0.2500922168941349,0.1318882831368466,0.0177161799476218
71,healthy,1.0,0.1321606235394912,0.2992056487202118,0.2007943512797881,0.1028243601059135,0.3971756398940865,0.1503323074055423,0.018171683866051
71,unhealthy,1.0,0.1569088330429877,0.2007943512797881,0.3971756398940864,0.2992056487202117,0.1028243601059134,0.1593414007274008,0.0024325676844131
71,balanced,0.11,0.1222080145722535,0.250092216894135,0.16783474732571,0.250092216894135,0.3319808188860199,0.1336514129762795,0.011443398404026
72,healthy,0.97,0.1627751622246959,0.3721185510428101,0.1278814489571899,0.3721185510428101,0.1278814489571899,0.1884131143981287,0.0256379521734327
72,unhealthy,1.0,0.153104387074777,0.1139921722113502,0.2226027397260273,0.3317025440313111,0.3317025440313111,0.1609431922495685,0.0078388051747915
72,balanced,0.02,0.1391420708553611,0.1828778135048231,0.272508038585209,0.1828778135048231,0.3617363344051447,0.1731499884419806,0.0340079175866194
73,healthy,0.96,0.1636291109066487,0.3068530514831231,0.3068530514831231,0.0794408455506307,0.3068530514831231,0.1774022461613735,0.0137731352547247
73,unhealthy,0.98,0.163470043538103,0.2007943512797881,0.3971756398940864,0.2992056487202117,0.1028243601059134,0.1840753516014088,0.0206053080633057
73,balanced,0.84,0.118999620774535,0.3068530514831231,0.1551312649164677,0.3068530514831231,0.231162632117286,0.1388346948817124,0.0198350741071774
74,healthy,0.99,0.1866915724987605,0.1693313953488372,0.0072674418604651,0.1693313953488372,0.6540697674418605,0.1773603908151754,-0.0093311816835851
74,unhealthy,0.77,0.1838544166825269,0.3319808188860199,0.3319808188860199,0.250092216894135,0.0859461453338251,0.1854716009609831,0.0016171842784562
74,balanced,0.04,0.1421367591034399,0.231162632117286,0.1551312649164677,0.3068530514831231,0.3068530514831231,0.1580176033066335,0.0158808442031936
75,healthy,0.99,0.1608464236355924,0.3068530514831231,0.231162632117286,0.1551312649164677,0.3068530514831231,0.1601409578567559,-0.0007054657788364
75,unhealthy,0.91,0.1829731647091219,0.0794408455506307,0.3068530514831231,0.3068530514831231,0.3068530514831231,0.2006007074294205,0.0176275427202985
75,balanced,0.16,0.1175163413439122,0.1139921722113502,0.1139921722113502,0.3317025440313111,0.4403131115459882,0.1517753889598146,0.0342590476159023
76,healthy,0.91,0.1574211717122764,0.2227116984826236,0.1140479686735193,0.2227116984826236,0.4405286343612334,0.1768134451581792,0.0193922734459028
76,unhealthy,0.99,0.1701883460737014,0.250092216894135,0.3319808188860199,0.3319808188860199,0.0859461453338251,0.1778335119302571,0.0076451658565556
76,balanced,0.14,0.1239223092247231,0.0086655112651646,0.2019064124783362,0.2019064124783362,0.587521663778163,0.1327381614496389,0.0088158522249157
77,healthy,0.91,0.1803638086632461,0.2723985536359984,0.2723985536359984,0.0936118923262354,0.3615910004017678,0.1737824736899802,-0.0065813349732659
77,unhealthy,0.87,0.1583241460580296,0.0048947626040137,0.4405286343612334,0.2227116984826236,0.3318649045521292,0.1724302195073286,0.0141060734492989
77,balanced,0.08,0.1308786114546255,0.4405286343612334,0.2227116984826236,0.2227116984826236,0.1140479686735193,0.1456604158522684,0.0147818043976428
78,healthy,0.91,0.1742997137757662,0.250092216894135,0.0859461453338251,0.3319808188860199,0.3319808188860199,0.1842186014073429,0.0099188876315766
78,unhealthy,0.77,0.163557532213672,0.214828897338403,0.2851711026615969,0.2851711026615969,0.214828897338403,0.195286579682503,0.0317290474688309
78,balanced,0.05,0.1369298471616876,0.2310838445807771,0.2310838445807771,0.2310838445807771,0.3067484662576687,0.1509414820103882,0.0140116348487005
79,healthy,0.85,0.1420796522035247,0.272508038585209,0.1828778135048231,0.1828778135048231,0.3617363344051447,0.1630949812525825,0.0210153290490577
79,unhealthy,0.78,0.169032497010073,0.3318649045521292,0.4405286343612334,0.2227116984826235,0.0048947626040137,0.1735139879619507,0.0044814909518776
79,balanced,0.27,0.1367397818609054,0.3319808188860199,0.16783474732571,0.2500922168941349,0.2500922168941349,0.1185748495585463,-0.0181649323023591
80,healthy,0.99,0.1384171709931107,0.272508038585209,0.3617363344051446,0.0040192926045016,0.3617363344051446,0.1584948968100376,0.0200777258169269
80,unhealthy,0.99,0.1696204236381127,0.1551312649164677,0.3068530514831231,0.3068530514831231,0.231162632117286,0.193447588598624,0.0238271649605113
80,balanced,0.03,0.1584741552597837,0.1457160725453408,0.1457160725453408,0.2845528455284552,0.424015009380863,0.1745995933045701,0.0161254380447863
81,healthy,0.95,0.1538397469740007,0.3306686046511627,0.1693313953488372,0.1693313953488372,0.3306686046511627,0.1837966338433534,0.0299568868693526
81,unhealthy,0.81,0.1437598563771002,0.144215530903328,0.2852614896988906,0.2852614896988906,0.2852614896988906,0.1655249821778996,0.0217651258007993
81,balanced,0.03,0.1396627717460915,0.3319808188860199,0.2500922168941349,0.16783474732571,0.2500922168941349,0.1456790932135507,0.0060163214674592
82,healthy,0.98,0.1767895002916001,0.4405286343612334,0.4405286343612334,0.1140479686735193,0.0048947626040137,0.1946864755214716,0.0178969752298714
82,unhealthy,0.98,0.1308334615836736,0.0859461453338251,0.3319808188860199,0.3319808188860199,0.250092216894135,0.146846911856654,0.0160134502729803
82,balanced,0.01,0.1327173096002412,0.1457160725453408,0.2845528455284552,0.1457160725453408,0.424015009380863,0.1334945831701662,0.0007772735699249
83,healthy,0.99,0.1423401920023533,0.3319808188860199,0.0859461453338251,0.250092216894135,0.3319808188860199,0.1530478763183416,0.0107076843159882
83,unhealthy,0.99,0.1332558879772383,0.3068530514831231,0.3068530514831231,0.3068530514831231,0.0794408455506307,0.1651909411381449,0.0319350531609066
83,balanced,0.11,0.126315752348625,0.3319808188860199,0.3319808188860199,0.0859461453338251,0.250092216894135,0.1440677297403605,0.0177519773917354
84,healthy,1.0,0.1278757671971768,0.4887218045112781,0.2502685284640172,0.2502685284640172,0.0107411385606874,0.1564573892246057,0.0285816220274289
84,unhealthy,0.84,0.1722244314697719,0.3318649045521292,0.4405286343612334,0.2227116984826235,0.0048947626040137,0.1841073326379836,0.0118829011682116
84,balanced,0.05,0.1368465775166149,0.1278814489571899,0.1278814489571899,0.37211855104281,0.37211855104281,0.1711557955439002,0.0343092180272852
85,healthy,0.89,0.1499973595297806,0.2723985536359984,0.2723985536359984,0.0936118923262354,0.3615910004017678,0.188527293759197,0.0385299342294164
85,unhealthy,0.8,0.1602524039638304,0.250092216894135,0.16783474732571,0.3319808188860199,0.250092216894135,0.1760259998173176,0.0157735958534872
85,balanced,0.16,0.1148998063983891,0.2227116984826236,0.2227116984826236,0.2227116984826236,0.3318649045521292,0.1387073029874491,0.0238074965890599
86,healthy,1.0,0.1392607051887929,0.3068530514831231,0.3068530514831231,0.0794408455506307,0.3068530514831231,0.1431785868190193,0.0039178816302263
86,unhealthy,0.98,0.1534292266697908,0.2723985536359984,0.3615910004017678,0.2723985536359984,0.0936118923262354,0.1640669494529122,0.0106377227831213
86,balanced,0.1,0.1206216446237706,0.3318649045521292,0.2227116984826236,0.2227116984826236,0.2227116984826236,0.1247960498819715,0.0041744052582008
87,healthy,1.0,0.1547895934614538,0.3068530514831231,0.0794408455506307,0.3068530514831231,0.3068530514831231,0.190357477353297,0.0355678838918431
87,unhealthy,0.86,0.1528033475355914,0.1828778135048231,0.3617363344051446,0.272508038585209,0.1828778135048231,0.154908755310423,0.0021054077748316
87,balanced,0.02,0.1321964841057914,0.4942339373970346,0.3723228995057661,0.1279516749038989,0.0054914881933003,0.1318765246470013,-0.00031995945879
88,healthy,0.97,0.1613634529502756,0.2498627127951674,0.1279516749038989,0.1279516749038989,0.4942339373970346,0.1927724435324792,0.0314089905822036
88,unhealthy,0.86,0.176443659973052,0.0794408455506307,0.3068530514831231,0.3068530514831231,0.3068530514831231,0.1869863914428585,0.0105427314698064
88,balanced,0.01,0.1182198800241653,0.3318649045521292,0.4405286343612334,0.0048947626040137,0.2227116984826236,0.1302243688142156,0.0120044887900503
89,healthy,0.92,0.1486851511402419,0.2723985536359984,0.2723985536359984,0.0936118923262354,0.3615910004017678,0.176360030899064,0.0276748797588221
89,unhealthy,0.85,0.1526492650299029,0.3318649045521292,0.4405286343612334,0.2227116984826235,0.0048947626040137,0.1810668832507742,0.0284176182208713
89,balanced,0.11,0.137206929777971,0.3617363344051446,0.272508038585209,0.1828778135048231,0.1828778135048231,0.1558237465589649,0.0186168167809938
90,healthy,0.84,0.1752815447849596,0.2227116984826236,0.0048947626040137,0.3318649045521292,0.4405286343612334,0.1908313590057607,0.015549814220801
90,unhealthy,0.77,0.1886275710590591,0.16783474732571,0.3319808188860199,0.2500922168941349,0.2500922168941349,0.2017479459133258,0.0131203748542666
90,balanced,0.21,0.1174198423190615,0.424015009380863,0.2845528455284553,0.1457160725453408,0.1457160725453408,0.1423062947887726,0.024886452469711
91,healthy,1.0,0.1521169911507228,0.3971756398940865,0.3971756398940865,0.1028243601059135,0.1028243601059135,0.1691592665189976,0.0170422753682748
91,unhealthy,0.84,0.1611918065129164,0.1551312649164677,0.3068530514831231,0.3068530514831231,0.231162632117286,0.1460646472721681,-0.0151271592407482
91,balanced,0.03,0.1087989360650562,0.2226027397260273,0.3317025440313111,0.1139921722113502,0.3317025440313111,0.1625469918157996,0.0537480557507434
92,healthy,0.97,0.1472430240950377,0.3319808188860199,0.16783474732571,0.2500922168941349,0.2500922168941349,0.1692835009446115,0.0220404768495737
92,unhealthy,0.91,0.1415719093900617,0.2007943512797881,0.2992056487202118,0.2992056487202118,0.2007943512797881,0.1838517210529566,0.0422798116628949
92,balanced,0.39,0.1062007661582973,0.2310838445807771,0.2310838445807771,0.2310838445807771,0.3067484662576687,0.1243971182151525,0.0181963520568551
93,healthy,0.91,0.13365978667327,0.2851711026615969,0.214828897338403,0.214828897338403,0.2851711026615969,0.1346653172873743,0.0010055306141042
93,unhealthy,1.0,0.1481664308589658,0.3318649045521292,0.4405286343612334,0.2227116984826235,0.0048947626040137,0.1471292085127758,-0.00103722234619
93,balanced,0.06,0.1205228376068385,0.2227116984826236,0.2227116984826236,0.2227116984826236,0.3318649045521292,0.1351018795199937,0.0145790419131551
94,healthy,0.99,0.1466349773783538,0.3068530514831231,0.1551312649164677,0.231162632117286,0.3068530514831231,0.1732490207019117,0.0266140433235579
94,unhealthy,0.83,0.1791805656511486,0.2852614896988906,0.2852614896988906,0.2852614896988906,0.144215530903328,0.2051252662596094,0.0259447006084607
94,balanced,0.01,0.1479098056532566,0.3068530514831231,0.3068530514831231,0.1551312649164677,0.231162632117286,0.1443188985729872,-0.0035909070802693
95,healthy,1.0,0.1599571049593448,0.2723985536359984,0.2723985536359984,0.0936118923262354,0.3615910004017678,0.166634740864709,0.0066776359053642
95,unhealthy,0.76,0.149943004717508,0.2007943512797881,0.2007943512797881,0.2992056487202118,0.2992056487202118,0.2054224305500633,0.0554794258325552
95,balanced,0.03,0.1161823307511539,0.2500922168941349,0.3319808188860199,0.16783474732571,0.2500922168941349,0.1481961627972826,0.0320138320461286
96,healthy,0.95,0.1546426208794172,0.3068530514831231,0.0794408455506307,0.3068530514831231,0.3068530514831231,0.1658327380778741,0.0111901171984569
96,unhealthy,0.84,0.19644410438459,0.0048947626040137,0.4405286343612334,0.2227116984826236,0.3318649045521292,0.1941408888455658,-0.0023032155390242
96,balanced,0.22,0.1336416198305414,0.2500922168941349,0.3319808188860199,0.16783474732571,0.2500922168941349,0.160034433793251,0.0263928139627096
97,healthy,0.98,0.1722544312685398,0.3068530514831231,0.0794408455506307,0.3068530514831231,0.3068530514831231,0.1861453327561738,0.0138909014876339
97,unhealthy,0.82,0.1619077069785315,0.1828778135048231,0.3617363344051446,0.272508038585209,0.1828778135048231,0.1826514240196722,0.0207437170411406
97,balanced,0.18,0.1411837323213857,0.2723985536359984,0.0936118923262354,0.3615910004017678,0.2723985536359984,0.1472381487736932,0.0060544164523074
98,healthy,1.0,0.1546322416246941,0.3068530514831231,0.0794408455506307,0.3068530514831231,0.3068530514831231,0.1717591714610193,0.0171269298363252
98,unhealthy,0.86,0.1908701000117433,0.3318649045521292,0.4405286343612334,0.2227116984826235,0.0048947626040137,0.1876793785567696,-0.0031907214549737
98,balanced,0.08,0.1320687316621804,0.424015009380863,0.1457160725453408,0.2845528455284553,0.1457160725453408,0.1563666783240334,0.0242979466618529
99,healthy,1.0,0.1540564009224785,0.272508038585209,0.3617363344051446,0.0040192926045016,0.3617363344051446,0.1837497603674782,0.0296933594449997
99,unhealthy,1.0,0.1335684461660093,0.1028243601059135,0.3971756398940865,0.2992056487202118,0.2007943512797881,0.1537786241884897,0.0202101780224803
99,balanced,0.05,0.1212945066103401,0.250092216894135,0.250092216894135,0.16783474732571,0.3319808188860199,0.1553850257888444,0.0340905191785043
0,healthy,1.0,0.152574771221577,0.3319808188860199,0.250092216894135,0.0859461453338251,0.3319808188860199,0.1769855333726802,0.0244107621511032
0,unhealthy,1.0,0.1363777352078047,0.0794408455506307,0.3068530514831231,0.3068530514831231,0.3068530514831231,0.1721440865961259,0.0357663513883212
0,balanced,0.17,0.1507686855510694,0.3617363344051446,0.1828778135048231,0.272508038585209,0.1828778135048231,0.1657245711336446,0.0149558855825752
1,healthy,1.0,0.1727184255357159,0.2992056487202118,0.0044130626654898,0.3971756398940865,0.2992056487202118,0.1844423952444748,0.0117239697087589
1,unhealthy,0.8,0.1603852084083552,0.2992056487202118,0.0044130626654898,0.3971756398940865,0.2992056487202118,0.1451356554400298,-0.0152495529683254
1,balanced,0.03,0.1264893012170744,0.2851711026615969,0.214828897338403,0.2851711026615969,0.214828897338403,0.1557397758513836,0.0292504746343091
2,healthy,1.0,0.1586779389288108,0.3319808188860199,0.16783474732571,0.2500922168941349,0.2500922168941349,0.1808247926876074,0.0221468537587966
2,unhealthy,0.88,0.1702538329823159,0.0936495176848874,0.1828778135048231,0.3617363344051447,0.3617363344051447,0.1762282896871639,0.005974456704848
2,balanced,0.08,0.1224960553295382,0.2008830022075055,0.2008830022075055,0.2008830022075055,0.3973509933774835,0.1351449372330895,0.0126488819035512
3,healthy,0.91,0.1254923707000463,0.2990736656374062,0.1027790030877812,0.2990736656374062,0.2990736656374062,0.1376995959751489,0.0122072252751025
3,unhealthy,0.84,0.1494793417709389,0.1551312649164677,0.3068530514831231,0.3068530514831231,0.231162632117286,0.1878021850377432,0.0383228432668042
3,balanced,0.18,0.1145684482257062,0.4405286343612334,0.2227116984826236,0.2227116984826236,0.1140479686735193,0.1410009889229413,0.026432540697235
4,healthy,1.0,0.1605839930219284,0.2723985536359984,0.0936118923262354,0.2723985536359984,0.3615910004017678,0.1972729390267483,0.0366889460048198
4,unhealthy,1.0,0.1422265390325969,0.231162632117286,0.3068530514831231,0.3068530514831231,0.1551312649164677,0.1566303039190624,0.0144037648864655
4,balanced,0.06,0.1467354080504632,0.1828778135048231,0.1828778135048231,0.272508038585209,0.3617363344051447,0.1566003460922556,0.0098649380417923
5,healthy,1.0,0.1564174184327577,0.3319808188860199,0.250092216894135,0.0859461453338251,0.3319808188860199,0.1882747913576121,0.0318573729248544
5,unhealthy,0.99,0.1558554803478727,0.2498627127951674,0.2498627127951674,0.3723228995057661,0.1279516749038989,0.1667299861606862,0.0108745058128135
5,balanced,0.15,0.1498705975164201,0.1457160725453408,0.1457160725453408,0.2845528455284552,0.424015009380863,0.1568399724081863,0.0069693748917662
6,healthy,0.9,0.1547231775167573,0.4242803504380476,0.2847309136420525,0.2847309136420525,0.0062578222778473,0.1852555311052845,0.0305323535885272
6,unhealthy,1.0,0.1657581052723336,0.1028243601059135,0.3971756398940865,0.2992056487202118,0.2007943512797881,0.1900025685346603,0.0242444632623267
6,balanced,0.0,0.1380098274573829,0.1828778135048231,0.3617363344051446,0.0936495176848874,0.3617363344051446,0.1436838165171303,0.0056739890597474
7,healthy,0.97,0.1245358323008422,0.4405286343612334,0.2227116984826235,0.3318649045521292,0.0048947626040137,0.1396747497390008,0.0151389174381585
7,unhealthy,1.0,0.1671026153448869,0.231162632117286,0.3068530514831231,0.3068530514831231,0.1551312649164677,0.1636202130671673,-0.0034824022777195
7,balanced,0.06,0.1328642264501503,0.3318649045521292,0.2227116984826236,0.2227116984826236,0.2227116984826236,0.1445785821899091,0.0117143557397587
8,healthy,1.0,0.1469343247738754,0.3068530514831231,0.0794408455506307,0.3068530514831231,0.3068530514831231,0.1682098854327275,0.0212755606588521
8,unhealthy,1.0,0.1709424608130834,0.1278814489571899,0.1278814489571899,0.37211855104281,0.37211855104281,0.164149092250796,-0.0067933685622874
8,balanced,0.09,0.1341251641646406,0.4403131115459883,0.1139921722113503,0.3317025440313112,0.1139921722113503,0.1447510302577044,0.0106258660930638
9,healthy,1.0,0.1624343352468041,0.2498627127951674,0.1279516749038989,0.1279516749038989,0.4942339373970346,0.1738838091306097,0.0114494738838055
9,unhealthy,1.0,0.181134733262027,0.3319808188860199,0.250092216894135,0.3319808188860199,0.0859461453338251,0.1795764408006704,-0.0015582924613566
9,balanced,0.0,0.1411790486646752,0.0205761316872428,0.0205761316872428,0.4794238683127572,0.4794238683127572,0.1653421184156484,0.0241630697509731
10,healthy,0.88,0.1499328699584653,0.3319808188860199,0.2500922168941349,0.2500922168941349,0.16783474732571,0.1780284545657098,0.0280955846072444
10,unhealthy,1.0,0.153962844660411,0.250092216894135,0.3319808188860199,0.3319808188860199,0.0859461453338251,0.148795772666609,-0.005167071993802
10,balanced,0.03,0.127884623851747,0.2664298401420959,0.2007104795737122,0.2664298401420959,0.2664298401420959,0.1585577063902835,0.0306730825385365
11,healthy,0.82,0.1638131755106897,0.2992056487202118,0.3971756398940865,0.1028243601059135,0.2007943512797881,0.1797523075515546,0.0159391320408649
11,unhealthy,0.87,0.1825514472974316,0.1278814489571899,0.1278814489571899,0.37211855104281,0.37211855104281,0.1917308687968355,0.0091794214994039
11,balanced,0.0,0.1404235297917444,0.3617363344051447,0.3617363344051447,0.0936495176848874,0.1828778135048231,0.1424019804637753,0.0019784506720308
12,healthy,0.99,0.1482193061910602,0.3068530514831231,0.0794408455506307,0.3068530514831231,0.3068530514831231,0.1698613480469883,0.0216420418559281
12,unhealthy,0.99,0.1669182827362169,0.0794408455506307,0.3068530514831231,0.3068530514831231,0.3068530514831231,0.2010677492122001,0.0341494664759832
12,balanced,0.11,0.1062294804167886,0.424015009380863,0.2845528455284553,0.1457160725453408,0.1457160725453408,0.1180636036003427,0.011834123183554
13,healthy,0.93,0.144464304785415,0.3319808188860199,0.16783474732571,0.2500922168941349,0.2500922168941349,0.1808574506928384,0.0363931459074233
13,unhealthy,0.89,0.1618528146469735,0.3971756398940864,0.2992056487202117,0.2992056487202117,0.0044130626654898,0.1798177094123932,0.0179648947654197
13,balanced,0.12,0.1409072216291917,0.1028243601059135,0.2992056487202118,0.2007943512797881,0.3971756398940865,0.1291056391723423,-0.0118015824568493
14,healthy,0.98,0.1540881467411179,0.2019064124783362,0.0086655112651646,0.2019064124783362,0.587521663778163,0.1639474858319885,0.0098593390908705
14,unhealthy,1.0,0.1479791312768133,0.3971756398940864,0.2992056487202117,0.2992056487202117,0.0044130626654898,0.1411019763524737,-0.0068771549243395
14,balanced,0.18,0.1188035866027656,0.2019064124783362,0.2019064124783362,0.2019064124783362,0.3942807625649913,0.1351110705123461,0.0163074839095804
15,healthy,0.91,0.1890628631115219,0.250092216894135,0.0859461453338251,0.3319808188860199,0.3319808188860199,0.1820486883039341,-0.0070141748075877
15,unhealthy,0.99,0.150836058667124,0.1828778135048231,0.1828778135048231,0.3617363344051446,0.272508038585209,0.1657071370592587,0.0148710783921346
15,balanced,0.02,0.1011362812183733,0.250092216894135,0.16783474732571,0.3319808188860199,0.250092216894135,0.1343354702027217,0.0331991889843484
16,healthy,0.99,0.1263497120785615,0.3068530514831231,0.231162632117286,0.1551312649164677,0.3068530514831231,0.1494684953600869,0.0231187832815253
16,unhealthy,0.89,0.1465583746081376,0.0040192926045016,0.3617363344051447,0.272508038585209,0.3617363344051447,0.1603584153350263,0.0138000407268887
16,balanced,0.12,0.1139226330020382,0.1828778135048231,0.3617363344051446,0.0936495176848874,0.3617363344051446,0.1542907280538854,0.0403680950518472
17,healthy,1.0,0.1488595252857046,0.2992056487202118,0.1028243601059135,0.2007943512797881,0.3971756398940865,0.1899571087650033,0.0410975834792987
17,unhealthy,0.79,0.1720323638369253,0.3319808188860199,0.250092216894135,0.3319808188860199,0.0859461453338251,0.1810860818785476,0.0090537180416222
17,balanced,0.18,0.1131911629908653,0.0062578222778473,0.2847309136420525,0.1458072590738423,0.5632040050062578,0.1242230400372188,0.0110318770463535
18,healthy,0.99,0.1821887517475336,0.3617363344051446,0.1828778135048231,0.0936495176848874,0.3617363344051446,0.2020087738672509,0.0198200221197173
18,unhealthy,1.0,0.1339041492527755,0.231162632117286,0.3068530514831231,0.3068530514831231,0.1551312649164677,0.1565710103044184,0.0226668610516429
18,balanced,0.1,0.1042254361748751,0.250092216894135,0.16783474732571,0.250092216894135,0.3319808188860199,0.1271864951852344,0.0229610590103593
19,healthy,0.98,0.1422534013898785,0.3319808188860199,0.250092216894135,0.0859461453338251,0.3319808188860199,0.1681469348806192,0.0258935334907406
19,unhealthy,0.86,0.1666212335950564,0.0048947626040137,0.4405286343612334,0.2227116984826236,0.3318649045521292,0.1398496842211683,-0.0267715493738881
19,balanced,0.28,0.1341365759877892,0.3319808188860199,0.16783474732571,0.2500922168941349,0.2500922168941349,0.1500195359819842,0.0158829599941949
20,healthy,0.91,0.1585362277158754,0.3067484662576686,0.231083844580777,0.231083844580777,0.231083844580777,0.1795279220596096,0.0209916943437342
20,unhealthy,0.87,0.1754301898192764,0.0044130626654898,0.2992056487202118,0.2992056487202118,0.3971756398940865,0.190166111372676,0.0147359215533996
20,balanced,0.1,0.1262259020036238,0.2723985536359984,0.3615910004017678,0.0936118923262354,0.2723985536359984,0.1416667454047306,0.0154408434011067
21,healthy,0.81,0.1756450671541172,0.3615910004017678,0.2723985536359984,0.2723985536359984,0.0936118923262354,0.1648254305229842,-0.010819636631133
21,unhealthy,0.86,0.1459000727442321,0.1551312649164677,0.3068530514831231,0.3068530514831231,0.231162632117286,0.1809730993576944,0.0350730266134622
21,balanced,0.26,0.1158412528588083,0.1828778135048231,0.1828778135048231,0.272508038585209,0.3617363344051447,0.1371023946943952,0.0212611418355869
22,healthy,0.84,0.1646382837411638,0.2227116984826236,0.0048947626040137,0.3318649045521292,0.4405286343612334,0.192227886718341,0.0275896029771771
22,unhealthy,0.99,0.1791849082848756,0.0936118923262354,0.3615910004017678,0.2723985536359984,0.2723985536359984,0.189569577078293,0.0103846687934173
22,balanced,0.01,0.1336834283758021,0.2019064124783362,0.2019064124783362,0.2019064124783362,0.3942807625649913,0.1350968179996919,0.0014133896238898
23,healthy,0.91,0.1625219576370198,0.3946227233304423,0.588031222896791,0.0086730268863833,0.0086730268863833,0.1525393824951936,-0.0099825751418261
23,unhealthy,1.0,0.1844084751780459,0.0936118923262354,0.3615910004017678,0.2723985536359984,0.2723985536359984,0.2074651463779236,0.0230566711998776
23,balanced,0.02,0.1367325585632766,0.3723228995057661,0.1279516749038989,0.2498627127951674,0.2498627127951674,0.1488440706923086,0.0121115121290319
24,healthy,1.0,0.1499208915604341,0.3068530514831231,0.231162632117286,0.1551312649164677,0.3068530514831231,0.1573205661136874,0.0073996745532532
24,unhealthy,1.0,0.1546887783006908,0.1678966789667896,0.3321033210332103,0.3321033210332103,0.1678966789667896,0.1373532407580339,-0.0173355375426568
24,balanced,0.01,0.1341071050792376,0.3721185510428101,0.1278814489571899,0.3721185510428101,0.1278814489571899,0.1474186252873034,0.0133115202080657
25,healthy,1.0,0.1463576967518595,0.3306686046511627,0.1693313953488372,0.1693313953488372,0.3306686046511627,0.1451751616691511,-0.0011825350827084
25,unhealthy,0.83,0.1762182409532021,0.3318649045521292,0.4405286343612334,0.2227116984826235,0.0048947626040137,0.1965749136345806,0.0203566726813785
25,balanced,0.22,0.110284172752133,0.2310838445807771,0.2310838445807771,0.2310838445807771,0.3067484662576687,0.1075232364089788,-0.0027609363431541
26,healthy,0.98,0.1444156263033378,0.3068530514831231,0.1551312649164677,0.231162632117286,0.3068530514831231,0.1725127806394601,0.0280971543361223
26,unhealthy,0.79,0.1544536887521992,0.3319808188860199,0.0859461453338251,0.3319808188860199,0.250092216894135,0.1827696741476734,0.0283159853954742
26,balanced,0.33,0.1230403355219622,0.3319808188860199,0.2500922168941349,0.16783474732571,0.2500922168941349,0.1122588219797234,-0.0107815135422387
27,healthy,0.99,0.1391955808916932,0.3317025440313111,0.3317025440313111,0.1139921722113502,0.2226027397260273,0.1549753912963453,0.0157798104046521
27,unhealthy,0.83,0.1539986334468489,0.0048947626040137,0.3318649045521292,0.2227116984826236,0.4405286343612334,0.1797394995845172,0.0257408661376682
27,balanced,0.0,0.129841171750654,0.2310838445807771,0.2310838445807771,0.2310838445807771,0.3067484662576687,0.1477482513721953,0.0179070796215413
28,healthy,0.91,0.132502231607367,0.3973509933774834,0.2008830022075055,0.3973509933774834,0.0044150110375275,0.1376804747546183,0.0051782431472512
28,unhealthy,0.9,0.1506983908415407,0.250092216894135,0.16783474732571,0.3319808188860199,0.250092216894135,0.1814700846465656,0.0307716938050248
28,balanced,0.22,0.129118556043592,0.0072674418604651,0.1693313953488372,0.3306686046511627,0.4927325581395348,0.1408707629483903,0.0117522069047983
29,healthy,0.8,0.1645211243148321,0.2227116984826236,0.1140479686735193,0.2227116984826236,0.4405286343612334,0.1652860386446887,0.0007649143298565
29,unhealthy,0.77,0.1596885287008376,0.2847309136420525,0.2847309136420525,0.2847309136420525,0.1458072590738423,0.1707520624084333,0.0110635337075957
29,balanced,0.02,0.142262190776763,0.1457160725453408,0.1457160725453408,0.2845528455284552,0.424015009380863,0.1605976948505806,0.0183355040738175
30,healthy,0.88,0.1656260321130502,0.250092216894135,0.3319808188860199,0.0859461453338251,0.3319808188860199,0.1956420360786455,0.0300160039655953
30,unhealthy,0.96,0.1716967422285633,0.2723985536359984,0.3615910004017678,0.2723985536359984,0.0936118923262354,0.1763164124533504,0.004619670224787
30,balanced,0.24,0.1233134973971394,0.250092216894135,0.3319808188860199,0.0859461453338251,0.3319808188860199,0.1303337030399676,0.0070202056428281
31,healthy,1.0,0.1857500087230019,0.3068530514831231,0.3068530514831231,0.0794408455506307,0.3068530514831231,0.1865859739061056,0.0008359651831036
31,unhealthy,0.88,0.1780141064656107,0.2990736656374062,0.2990736656374062,0.2990736656374062,0.1027790030877812,0.1873399091622613,0.0093258026966506
31,balanced,0.21,0.1360689377399347,0.3617363344051446,0.272508038585209,0.1828778135048231,0.1828778135048231,0.1529651945756227,0.0168962568356879
32,healthy,0.99,0.1563852496277413,0.272508038585209,0.1828778135048231,0.1828778135048231,0.3617363344051447,0.1618647998565139,0.0054795502287725
32,unhealthy,0.81,0.158370861996151,0.0054914881933003,0.3723228995057661,0.2498627127951674,0.3723228995057661,0.1693375168264344,0.0109666548302834
32,balanced,0.09,0.1435834855253163,0.3317025440313111,0.1139921722113502,0.3317025440313111,0.2226027397260273,0.1757266707992373,0.0321431852739209
33,healthy,1.0,0.1814883149160458,0.3319808188860199,0.0859461453338251,0.3319808188860199,0.250092216894135,0.1889555644169157,0.0074672495008698
33,unhealthy,0.88,0.1364995207616844,0.4405286343612334,0.2227116984826235,0.3318649045521292,0.0048947626040137,0.1375960987570635,0.0010965779953791
33,balanced,0.01,0.1140277576085422,0.424015009380863,0.1457160725453408,0.2845528455284553,0.1457160725453408,0.1271794365385128,0.0131516789299705
34,healthy,0.95,0.1484256334421541,0.272508038585209,0.1828778135048231,0.1828778135048231,0.3617363344051447,0.1709848380814805,0.0225592046393263
34,unhealthy,0.91,0.1620293904045401,0.0054914881933003,0.1279516749038989,0.3723228995057661,0.4942339373970346,0.172504661821002,0.0104752714164618
34,balanced,0.23,0.1284316703482464,0.2851711026615969,0.214828897338403,0.2851711026615969,0.214828897338403,0.1360235085002773,0.0075918381520309
35,healthy,1.0,0.1655416214531578,0.3615910004017678,0.2723985536359984,0.0936118923262354,0.2723985536359984,0.1903021840351959,0.0247605625820381
35,unhealthy,0.87,0.1437995647644466,0.2500922168941349,0.2500922168941349,0.3319808188860199,0.16783474732571,0.1646532627782766,0.0208536980138299
35,balanced,0.04,0.117121394407889,0.250092216894135,0.16783474732571,0.250092216894135,0.3319808188860199,0.1431373689007893,0.0260159744929003
36,healthy,0.93,0.1398505658794199,0.3068530514831231,0.3068530514831231,0.0794408455506307,0.3068530514831231,0.1754509064476127,0.0356003405681928
36,unhealthy,0.98,0.1528545840062048,0.1028243601059135,0.3971756398940865,0.2992056487202118,0.2007943512797881,0.1600914428930581,0.0072368588868532
36,balanced,0.11,0.124352622299657,0.2723985536359984,0.0936118923262354,0.3615910004017678,0.2723985536359984,0.1332651459939702,0.0089125236943132
37,healthy,1.0,0.1660714186604974,0.1693313953488372,0.1693313953488372,0.0072674418604651,0.6540697674418605,0.1672346707479619,0.0011632520874645
37,unhealthy,1.0,0.1421842065127093,0.1551312649164677,0.3068530514831231,0.3068530514831231,0.231162632117286,0.1575129426648222,0.0153287361521129
37,balanced,0.14,0.1228368970351898,0.3942807625649913,0.2019064124783362,0.2019064124783362,0.2019064124783362,0.1285331578908893,0.0056962608556994
38,healthy,0.99,0.1621384108044219,0.2502685284640172,0.0107411385606874,0.2502685284640172,0.4887218045112782,0.1708979849088077,0.0087595741043858
38,unhealthy,0.98,0.1395344922705663,0.1693313953488372,0.6540697674418605,0.1693313953488372,0.0072674418604651,0.140326508315398,0.0007920160448317
38,balanced,0.14,0.1311108810043835,0.3068530514831231,0.231162632117286,0.1551312649164677,0.3068530514831231,0.1555390292487558,0.0244281482443722
39,healthy,1.0,0.1506123283536699,0.4945054945054944,0.0054945054945054,0.4945054945054944,0.0054945054945054,0.1427576369851442,-0.0078546913685257
39,unhealthy,1.0,0.1566772922203692,0.2007943512797881,0.3971756398940864,0.2992056487202117,0.1028243601059134,0.1818301131011952,0.0251528208808259
39,balanced,0.01,0.1277972775707055,0.3617363344051446,0.272508038585209,0.1828778135048231,0.1828778135048231,0.1248363360622059,-0.0029609415084996
40,healthy,0.94,0.1612377035245925,0.2227116984826236,0.3318649045521292,0.0048947626040137,0.4405286343612334,0.1800185445910026,0.0187808410664101
40,unhealthy,1.0,0.1625255881412038,0.0072674418604651,0.6540697674418605,0.1693313953488372,0.1693313953488372,0.1820967246961721,0.0195711365549683
40,balanced,0.07,0.1301077727258446,0.3318649045521292,0.4405286343612334,0.0048947626040137,0.2227116984826236,0.1337168343939634,0.0036090616681188
41,healthy,0.85,0.1411903312371185,0.3068530514831231,0.1551312649164677,0.231162632117286,0.3068530514831231,0.1450253206083527,0.0038349893712341
41,unhealthy,0.99,0.158267605687028,0.0141043723554301,0.3286318758815233,0.3286318758815233,0.3286318758815233,0.1615859262363249,0.0033183205492968
41,balanced,0.0,0.1161237424480109,0.2992056487202118,0.2007943512797881,0.2992056487202118,0.2007943512797881,0.1274403494868481,0.0113166070388372
42,healthy,0.92,0.1903930290771313,0.2723985536359984,0.2723985536359984,0.0936118923262354,0.3615910004017678,0.2081245535161267,0.0177315244389953
42,unhealthy,0.99,0.1693247164930903,0.0141043723554301,0.3286318758815233,0.3286318758815233,0.3286318758815233,0.1891184597336709,0.0197937432405805
42,balanced,0.17,0.1150028214155303,0.3067484662576686,0.231083844580777,0.231083844580777,0.231083844580777,0.1439064023572143,0.0289035809416839
43,healthy,0.79,0.1427047178798547,0.2851711026615969,0.214828897338403,0.214828897338403,0.2851711026615969,0.1596832260340589,0.0169785081542042
43,unhealthy,0.85,0.1506062236497032,0.2723985536359984,0.3615910004017678,0.2723985536359984,0.0936118923262354,0.152914094994162,0.0023078713444587
43,balanced,0.02,0.1068705167582713,0.2723985536359984,0.1828043390920048,0.2723985536359984,0.2723985536359984,0.1552129108887439,0.0483423941304725
44,healthy,0.98,0.1370863147918724,0.3319808188860199,0.0859461453338251,0.250092216894135,0.3319808188860199,0.1510941040853812,0.0140077892935087
44,unhealthy,1.0,0.1437879620271443,0.250092216894135,0.3319808188860199,0.3319808188860199,0.0859461453338251,0.1758377295485785,0.0320497675214342
44,balanced,0.19,0.1337467702467425,0.1457160725453408,0.1457160725453408,0.2845528455284552,0.424015009380863,0.1617248567890705,0.027978086542328
45,healthy,1.0,0.154689484897591,0.3319808188860199,0.0859461453338251,0.3319808188860199,0.250092216894135,0.170643583544422,0.015954098646831
45,unhealthy,0.89,0.1535787880825885,0.1551312649164677,0.3068530514831231,0.3068530514831231,0.231162632117286,0.1909286445902973,0.0373498565077088
45,balanced,0.27,0.1431366759668806,0.4405286343612334,0.2227116984826236,0.2227116984826236,0.1140479686735193,0.1540046457558205,0.0108679697889398
46,healthy,1.0,0.1702744701784042,0.2723985536359984,0.2723985536359984,0.0936118923262354,0.3615910004017678,0.2004117141457479,0.0301372439673437
46,unhealthy,0.73,0.1937593066211976,0.0936118923262354,0.2723985536359984,0.2723985536359984,0.3615910004017678,0.2063232014488261,0.0125638948276284
46,balanced,0.02,0.1289313093030895,0.2310838445807771,0.2310838445807771,0.2310838445807771,0.3067484662576687,0.1423750401297974,0.0134437308267079
47,healthy,0.99,0.1336648141372993,0.3068530514831231,0.231162632117286,0.1551312649164677,0.3068530514831231,0.1453137333440775,0.0116489192067782
47,unhealthy,1.0,0.1563727311279414,0.1551312649164677,0.3068530514831231,0.3068530514831231,0.231162632117286,0.166863431338687,0.0104907002107456
47,balanced,0.15,0.1333491771673082,0.2664298401420959,0.2664298401420959,0.2007104795737122,0.2664298401420959,0.155747103812135,0.0223979266448267
48,healthy,0.81,0.1623192472202717,0.250092216894135,0.0859461453338251,0.3319808188860199,0.3319808188860199,0.1938816772773408,0.031562430057069
48,unhealthy,0.77,0.1675092118708992,0.1028243601059135,0.2007943512797881,0.2992056487202118,0.3971756398940865,0.1699991219553019,0.0024899100844027
48,balanced,0.0,0.1214838513006111,0.2227116984826236,0.2227116984826236,0.2227116984826236,0.3318649045521292,0.1276817611501683,0.0061979098495572
49,healthy,1.0,0.1295066234950753,0.2845528455284552,0.1457160725453408,0.1457160725453408,0.424015009380863,0.157757703976528,0.0282510804814527
49,unhealthy,0.9,0.1247383409932566,0.1828778135048231,0.3617363344051446,0.272508038585209,0.1828778135048231,0.1349595338534887,0.0102211928602321
49,balanced,0.19,0.1220447432717198,0.2847309136420525,0.1458072590738423,0.2847309136420525,0.2847309136420525,0.1377652698682464,0.0157205265965266
50,healthy,0.88,0.1625285130330204,0.250092216894135,0.16783474732571,0.250092216894135,0.3319808188860199,0.1889683953004891,0.0264398822674686
50,unhealthy,0.8,0.1775908921399497,0.214828897338403,0.2851711026615969,0.2851711026615969,0.214828897338403,0.1954461502310486,0.0178552580910989
50,balanced,0.86,0.1157859686685478,0.1140479686735193,0.2227116984826236,0.2227116984826236,0.4405286343612334,0.1500313829831859,0.0342454143146381
51,healthy,0.99,0.153111513944345,0.3319808188860199,0.0859461453338251,0.250092216894135,0.3319808188860199,0.1575912400793533,0.0044797261350082
51,unhealthy,0.87,0.1597372592857322,0.231162632117286,0.3068530514831231,0.3068530514831231,0.1551312649164677,0.1744035512887061,0.0146662920029738
51,balanced,0.32,0.1265376085276753,0.3318649045521292,0.2227116984826236,0.2227116984826236,0.2227116984826236,0.1451003243726684,0.0185627158449931
52,healthy,0.69,0.1503870964244922,0.231162632117286,0.1551312649164677,0.3068530514831231,0.3068530514831231,0.1733814517598307,0.0229943553353385
52,unhealthy,0.88,0.1898093037721119,0.2227116984826236,0.4405286343612334,0.2227116984826236,0.1140479686735193,0.2015755637610787,0.0117662599889668
52,balanced,0.1,0.1517205503215284,0.2226027397260273,0.1139921722113502,0.3317025440313111,0.3317025440313111,0.1646388379560881,0.0129182876345597
53,healthy,0.98,0.1531094383084025,0.3617363344051447,0.0936495176848874,0.1828778135048231,0.3617363344051447,0.1593306162120601,0.0062211779036575
53,unhealthy,0.89,0.1327400468953694,0.1551312649164677,0.3068530514831231,0.3068530514831231,0.231162632117286,0.1813294264307604,0.048589379535391
53,balanced,0.13,0.1200412072954321,0.2007943512797881,0.3971756398940865,0.1028243601059135,0.2992056487202118,0.1207689801536807,0.0007277728582485
54,healthy,1.0,0.1553809866354031,0.3068530514831231,0.0794408455506307,0.3068530514831231,0.3068530514831231,0.166313717366047,0.0109327307306439
54,unhealthy,0.88,0.1620665065984836,0.3068530514831231,0.3068530514831231,0.3068530514831231,0.0794408455506307,0.2151523726264251,0.0530858660279414
54,balanced,0.0,0.146594334338229,0.2723985536359984,0.3615910004017678,0.0936118923262354,0.2723985536359984,0.1452552375297185,-0.0013390968085104
55,healthy,0.98,0.1637962315455316,0.3068530514831231,0.3068530514831231,0.0794408455506307,0.3068530514831231,0.1688911875276881,0.0050949559821565
55,unhealthy,0.9,0.159755954274861,0.0794408455506307,0.3068530514831231,0.3068530514831231,0.3068530514831231,0.1914590641915533,0.0317031099166922
55,balanced,0.54,0.1512356015379071,0.1140479686735193,0.2227116984826236,0.2227116984826236,0.4405286343612334,0.1425769152368,-0.0086586863011071
56,healthy,1.0,0.1629332305006358,0.3068530514831231,0.3068530514831231,0.0794408455506307,0.3068530514831231,0.1897784263667125,0.0268451958660767
56,unhealthy,0.9,0.1870886392590624,0.214828897338403,0.2851711026615969,0.2851711026615969,0.214828897338403,0.2171627479275885,0.0300741086685261
56,balanced,0.99,0.1305097497816195,0.3318649045521292,0.0048947626040137,0.4405286343612334,0.2227116984826236,0.1454058260753857,0.0148960762937662
57,healthy,0.99,0.1237741369446582,0.3317025440313111,0.2226027397260273,0.1139921722113502,0.3317025440313111,0.1478626881538715,0.0240885512092132
57,unhealthy,1.0,0.1519177716509121,0.3318649045521292,0.0048947626040137,0.4405286343612334,0.2227116984826236,0.1768568109785738,0.0249390393276616
57,balanced,0.11,0.1211727626937774,0.3617363344051446,0.1828778135048231,0.272508038585209,0.1828778135048231,0.1330532499135985,0.011880487219821
58,healthy,1.0,0.1606844249851243,0.2992056487202118,0.1028243601059135,0.2007943512797881,0.3971756398940865,0.1515953061855379,-0.0090891187995864
58,unhealthy,1.0,0.1632477525041448,0.2723985536359984,0.3615910004017678,0.2723985536359984,0.0936118923262354,0.1671547974171208,0.0039070449129759
58,balanced,0.07,0.1411183587620618,0.1140479686735193,0.2227116984826236,0.2227116984826236,0.4405286343612334,0.150303547816316,0.0091851890542542
59,healthy,0.84,0.170803800417582,0.2992056487202118,0.3971756398940865,0.1028243601059135,0.2007943512797881,0.1964869148007786,0.0256831143831965
59,unhealthy,0.88,0.1435867251607283,0.0054914881933003,0.1279516749038989,0.3723228995057661,0.4942339373970346,0.1697149545635654,0.0261282294028371
59,balanced,0.16,0.1174703112488764,0.424015009380863,0.2845528455284553,0.1457160725453408,0.1457160725453408,0.1431322672011464,0.02566195595227
60,healthy,0.99,0.1508598407838036,0.2723985536359984,0.2723985536359984,0.0936118923262354,0.3615910004017678,0.1667622561594023,0.0159024153755986
60,unhealthy,0.98,0.1617694201047602,0.3068530514831231,0.3068530514831231,0.3068530514831231,0.0794408455506307,0.161443663054303,-0.0003257570504572
60,balanced,0.3,0.122892115472583,0.3617363344051447,0.0936495176848874,0.3617363344051447,0.1828778135048231,0.1367302006519512,0.0138380851793681
61,healthy,0.91,0.1924655165682114,0.2852614896988906,0.2852614896988906,0.144215530903328,0.2852614896988906,0.2246087953460242,0.0321432787778127
61,unhealthy,0.93,0.1448097934249948,0.231162632117286,0.3068530514831231,0.3068530514831231,0.1551312649164677,0.1443477093814198,-0.0004620840435749
61,balanced,0.18,0.121534747968893,0.3617363344051446,0.1828778135048231,0.272508038585209,0.1828778135048231,0.1208894673392991,-0.0006452806295938
62,healthy,0.9,0.1667457112698342,0.272508038585209,0.1828778135048231,0.1828778135048231,0.3617363344051447,0.1893145245193635,0.0225688132495292
62,unhealthy,0.78,0.1254154035305593,0.250092216894135,0.16783474732571,0.3319808188860199,0.250092216894135,0.1504876443662468,0.0250722408356874
62,balanced,0.13,0.124709876155232,0.1457160725453408,0.2845528455284552,0.1457160725453408,0.424015009380863,0.1325837557585189,0.0078738796032868
63,healthy,1.0,0.1711592201394506,0.3068530514831231,0.231162632117286,0.1551312649164677,0.3068530514831231,0.1675412866405987,-0.0036179334988518
63,unhealthy,1.0,0.1520845073156813,0.250092216894135,0.3319808188860199,0.3319808188860199,0.0859461453338251,0.1682378812209367,0.0161533739052553
63,balanced,0.12,0.164618623029404,0.231162632117286,0.3068530514831231,0.1551312649164677,0.3068530514831231,0.1716491928942902,0.0070305698648861
64,healthy,0.91,0.1921535097375349,0.2227116984826236,0.3318649045521292,0.0048947626040137,0.4405286343612334,0.1951401232735608,0.0029866135360258
64,unhealthy,0.9,0.1788962273635892,0.0859461453338251,0.3319808188860199,0.3319808188860199,0.250092216894135,0.2046355098397467,0.0257392824761574
64,balanced,0.33,0.1438401543221813,0.3971756398940865,0.1028243601059135,0.2992056487202118,0.2007943512797881,0.1324187935034687,-0.0114213608187126
65,healthy,0.91,0.1525500875396739,0.3068530514831231,0.1551312649164677,0.231162632117286,0.3068530514831231,0.1682229208356921,0.0156728332960182
65,unhealthy,1.0,0.2026849209144394,0.1028243601059135,0.3971756398940865,0.2992056487202118,0.2007943512797881,0.2075154306125283,0.0048305096980888
65,balanced,0.2,0.1126870307200805,0.3317025440313111,0.3317025440313111,0.1139921722113502,0.2226027397260273,0.1394007294552574,0.0267136987351768
66,healthy,0.9,0.1847657148635317,0.2664298401420959,0.2007104795737122,0.2664298401420959,0.2664298401420959,0.1920842761512271,0.0073185612876953
66,unhealthy,0.85,0.1912734672591609,0.1828778135048231,0.3617363344051446,0.272508038585209,0.1828778135048231,0.1977394342289436,0.0064659669697827
66,balanced,0.25,0.1303771795383214,0.3319808188860199,0.3319808188860199,0.0859461453338251,0.250092216894135,0.1353824128752682,0.0050052333369468
67,healthy,1.0,0.1485704469228462,0.3617363344051446,0.0040192926045016,0.3617363344051446,0.272508038585209,0.1987363519478177,0.0501659050249715
67,unhealthy,1.0,0.1678300033432191,0.0794408455506307,0.3068530514831231,0.3068530514831231,0.3068530514831231,0.1742796290595348,0.0064496257163157
67,balanced,0.01,0.1278304187595478,0.2723985536359984,0.1828043390920048,0.2723985536359984,0.2723985536359984,0.1420867863021633,0.0142563675426154
68,healthy,0.92,0.1602359058340215,0.3068530514831231,0.0794408455506307,0.3068530514831231,0.3068530514831231,0.173395527082365,0.0131596212483435
68,unhealthy,0.98,0.1399207434414772,0.2992056487202119,0.2007943512797882,0.3971756398940865,0.1028243601059135,0.1263123931845091,-0.013608350256968
68,balanced,0.09,0.1105873860939145,0.1457160725453408,0.1457160725453408,0.2845528455284552,0.424015009380863,0.13264658040973,0.0220591943158154
69,healthy,1.0,0.1531817855841394,0.2723985536359984,0.0936118923262354,0.2723985536359984,0.3615910004017678,0.1505680048527246,-0.0026137807314147
69,unhealthy,0.77,0.1800541416805785,0.1828778135048231,0.3617363344051446,0.272508038585209,0.1828778135048231,0.202002561474524,0.0219484197939454
69,balanced,0.24,0.1173857652089221,0.2847309136420525,0.1458072590738423,0.2847309136420525,0.2847309136420525,0.1460733839241604,0.0286876187152382
70,healthy,0.65,0.1662267653786582,0.3317025440313111,0.1139921722113502,0.3317025440313111,0.2226027397260273,0.170180436387686,0.0039536710090277
70,unhealthy,1.0,0.1846169449994024,0.0048947626040137,0.4405286343612334,0.2227116984826236,0.3318649045521292,0.1843486207243459,-0.0002683242750564
70,balanced,0.0,0.1148057661497671,0.3319808188860199,0.16783474732571,0.2500922168941349,0.2500922168941349,0.1318882831368466,0.0170825169870794
71,healthy,1.0,0.1322640461461337,0.2992056487202118,0.2007943512797881,0.1028243601059135,0.3971756398940865,0.1503323074055423,0.0180682612594085
71,unhealthy,1.0,0.1557652312396368,0.2007943512797881,0.3971756398940864,0.2992056487202117,0.1028243601059134,0.1593414007274008,0.003576169487764
71,balanced,0.06,0.123976274258857,0.250092216894135,0.16783474732571,0.250092216894135,0.3319808188860199,0.1336514129762795,0.0096751387174225
72,healthy,0.92,0.1627751622246959,0.3721185510428101,0.1278814489571899,0.3721185510428101,0.1278814489571899,0.1884131143981287,0.0256379521734328
72,unhealthy,1.0,0.1531080762517745,0.1139921722113502,0.2226027397260273,0.3317025440313111,0.3317025440313111,0.1609431922495685,0.0078351159977939
72,balanced,0.15,0.1391455878435054,0.1828778135048231,0.272508038585209,0.1828778135048231,0.3617363344051447,0.1731499884419806,0.0340044005984751
73,healthy,0.96,0.1636291109066487,0.3068530514831231,0.3068530514831231,0.0794408455506307,0.3068530514831231,0.1774022461613735,0.0137731352547247
73,unhealthy,1.0,0.1628082432834782,0.2007943512797881,0.3971756398940864,0.2992056487202117,0.1028243601059134,0.1840753516014088,0.0212671083179305
73,balanced,0.92,0.1189582697196531,0.3068530514831231,0.1551312649164677,0.3068530514831231,0.231162632117286,0.1388346948817124,0.0198764251620592
74,healthy,1.0,0.1882895097182298,0.1693313953488372,0.0072674418604651,0.1693313953488372,0.6540697674418605,0.1773603908151754,-0.0109291189030543
74,unhealthy,0.78,0.1838277446408527,0.3319808188860199,0.3319808188860199,0.250092216894135,0.0859461453338251,0.1854716009609831,0.0016438563201304
74,balanced,0.33,0.1427600287822663,0.231162632117286,0.1551312649164677,0.3068530514831231,0.3068530514831231,0.1580176033066335,0.0152575745243672
75,healthy,1.0,0.1607336618620911,0.3068530514831231,0.231162632117286,0.1551312649164677,0.3068530514831231,0.1601409578567559,-0.0005927040053352
75,unhealthy,0.89,0.1830181172798909,0.0794408455506307,0.3068530514831231,0.3068530514831231,0.3068530514831231,0.2006007074294205,0.0175825901495295
75,balanced,0.01,0.1169147538048297,0.1139921722113502,0.1139921722113502,0.3317025440313111,0.4403131115459882,0.1517753889598146,0.0348606351549848
76,healthy,0.91,0.157438434431568,0.2227116984826236,0.1140479686735193,0.2227116984826236,0.4405286343612334,0.1768134451581792,0.0193750107266112
76,unhealthy,1.0,0.1704225463875896,0.250092216894135,0.3319808188860199,0.3319808188860199,0.0859461453338251,0.1778335119302571,0.0074109655426675
76,balanced,0.02,0.1226882430951949,0.0086655112651646,0.2019064124783362,0.2019064124783362,0.587521663778163,0.1327381614496389,0.0100499183544439
77,healthy,0.92,0.1803638086632461,0.2723985536359984,0.2723985536359984,0.0936118923262354,0.3615910004017678,0.1737824736899802,-0.0065813349732659
77,unhealthy,0.86,0.1582760472193678,0.0048947626040137,0.4405286343612334,0.2227116984826236,0.3318649045521292,0.1724302195073286,0.0141541722879607
77,balanced,0.02,0.1292643435773423,0.4405286343612334,0.2227116984826236,0.2227116984826236,0.1140479686735193,0.1456604158522684,0.0163960722749261
78,healthy,0.9,0.1743750831842885,0.250092216894135,0.0859461453338251,0.3319808188860199,0.3319808188860199,0.1842186014073429,0.0098435182230544
78,unhealthy,0.8,0.163557532213672,0.214828897338403,0.2851711026615969,0.2851711026615969,0.214828897338403,0.195286579682503,0.0317290474688309
78,balanced,0.04,0.1366938765545706,0.2310838445807771,0.2310838445807771,0.2310838445807771,0.3067484662576687,0.1509414820103882,0.0142476054558175
79,healthy,0.81,0.1420796522035247,0.272508038585209,0.1828778135048231,0.1828778135048231,0.3617363344051447,0.1630949812525825,0.0210153290490577
79,unhealthy,0.8,0.169032497010073,0.3318649045521292,0.4405286343612334,0.2227116984826235,0.0048947626040137,0.1735139879619507,0.0044814909518776
79,balanced,0.24,0.135926723706042,0.3319808188860199,0.16783474732571,0.2500922168941349,0.2500922168941349,0.1185748495585463,-0.0173518741474957
80,healthy,0.99,0.138583448919655,0.272508038585209,0.3617363344051446,0.0040192926045016,0.3617363344051446,0.1584948968100376,0.0199114478903826
80,unhealthy,1.0,0.1694384647150197,0.1551312649164677,0.3068530514831231,0.3068530514831231,0.231162632117286,0.193447588598624,0.0240091238836042
80,balanced,0.3,0.1585679607697092,0.1457160725453408,0.1457160725453408,0.2845528455284552,0.424015009380863,0.1745995933045701,0.0160316325348608
81,healthy,0.93,0.1538449842984362,0.3306686046511627,0.1693313953488372,0.1693313953488372,0.3306686046511627,0.1837966338433534,0.0299516495449172
81,unhealthy,0.8,0.1437598563771002,0.144215530903328,0.2852614896988906,0.2852614896988906,0.2852614896988906,0.1655249821778996,0.0217651258007993
81,balanced,0.15,0.1392991935495768,0.3319808188860199,0.2500922168941349,0.16783474732571,0.2500922168941349,0.1456790932135507,0.0063798996639738
82,healthy,0.94,0.1767866572960204,0.4405286343612334,0.4405286343612334,0.1140479686735193,0.0048947626040137,0.1946864755214716,0.0178998182254512
82,unhealthy,0.99,0.131168158768138,0.0859461453338251,0.3319808188860199,0.3319808188860199,0.250092216894135,0.146846911856654,0.0156787530885159
82,balanced,0.01,0.132748201848904,0.1457160725453408,0.2845528455284552,0.1457160725453408,0.424015009380863,0.1334945831701662,0.0007463813212621
83,healthy,0.99,0.142097404140112,0.3319808188860199,0.0859461453338251,0.250092216894135,0.3319808188860199,0.1530478763183416,0.0109504721782296
83,unhealthy,0.99,0.132136905267073,0.3068530514831231,0.3068530514831231,0.3068530514831231,0.0794408455506307,0.1651909411381449,0.0330540358710719
83,balanced,0.05,0.1244030588478571,0.3319808188860199,0.3319808188860199,0.0859461453338251,0.250092216894135,0.1440677297403605,0.0196646708925033
84,healthy,1.0,0.1279531011466217,0.4887218045112781,0.2502685284640172,0.2502685284640172,0.0107411385606874,0.1564573892246057,0.0285042880779839
84,unhealthy,0.83,0.1722244314697719,0.3318649045521292,0.4405286343612334,0.2227116984826235,0.0048947626040137,0.1841073326379836,0.0118829011682116
84,balanced,0.02,0.1366418584907311,0.1278814489571899,0.1278814489571899,0.37211855104281,0.37211855104281,0.1711557955439002,0.0345139370531691
85,healthy,0.9,0.1499502524293908,0.2723985536359984,0.2723985536359984,0.0936118923262354,0.3615910004017678,0.188527293759197,0.0385770413298062
85,unhealthy,0.79,0.1602643640069694,0.250092216894135,0.16783474732571,0.3319808188860199,0.250092216894135,0.1760259998173176,0.0157616358103482
85,balanced,0.18,0.11461468564015,0.2227116984826236,0.2227116984826236,0.2227116984826236,0.3318649045521292,0.1387073029874491,0.024092617347299
86,healthy,0.98,0.1394582935628809,0.3068530514831231,0.3068530514831231,0.0794408455506307,0.3068530514831231,0.1431785868190193,0.0037202932561383
86,unhealthy,1.0,0.1534109163027864,0.2723985536359984,0.3615910004017678,0.2723985536359984,0.0936118923262354,0.1640669494529122,0.0106560331501257
86,balanced,0.12,0.1199593747083695,0.3318649045521292,0.2227116984826236,0.2227116984826236,0.2227116984826236,0.1247960498819715,0.0048366751736019
87,healthy,1.0,0.1543265978174625,0.3068530514831231,0.0794408455506307,0.3068530514831231,0.3068530514831231,0.190357477353297,0.0360308795358345
87,unhealthy,0.84,0.1528033475355914,0.1828778135048231,0.3617363344051446,0.272508038585209,0.1828778135048231,0.154908755310423,0.0021054077748316
87,balanced,0.08,0.1319125511476426,0.4942339373970346,0.3723228995057661,0.1279516749038989,0.0054914881933003,0.1318765246470013,-3.602650064135626e-05
88,healthy,1.0,0.160766667343319,0.2498627127951674,0.1279516749038989,0.1279516749038989,0.4942339373970346,0.1927724435324792,0.0320057761891602
88,unhealthy,0.86,0.1764374069265029,0.0794408455506307,0.3068530514831231,0.3068530514831231,0.3068530514831231,0.1869863914428585,0.0105489845163555
88,balanced,0.08,0.1186034004601684,0.3318649045521292,0.4405286343612334,0.0048947626040137,0.2227116984826236,0.1302243688142156,0.0116209683540472
89,healthy,0.91,0.1486851511402418,0.2723985536359984,0.2723985536359984,0.0936118923262354,0.3615910004017678,0.176360030899064,0.0276748797588221
89,unhealthy,0.88,0.1526374770077352,0.3318649045521292,0.4405286343612334,0.2227116984826235,0.0048947626040137,0.1810668832507742,0.028429406243039
89,balanced,0.3,0.1387738601064244,0.3617363344051446,0.272508038585209,0.1828778135048231,0.1828778135048231,0.1558237465589649,0.0170498864525405
90,healthy,0.82,0.1752815447849596,0.2227116984826236,0.0048947626040137,0.3318649045521292,0.4405286343612334,0.1908313590057607,0.015549814220801
90,unhealthy,0.77,0.1885773972908329,0.16783474732571,0.3319808188860199,0.2500922168941349,0.2500922168941349,0.2017479459133258,0.0131705486224928
90,balanced,0.24,0.1184879060251522,0.424015009380863,0.2845528455284553,0.1457160725453408,0.1457160725453408,0.1423062947887726,0.0238183887636203
91,healthy,1.0,0.1547315873764856,0.3971756398940865,0.3971756398940865,0.1028243601059135,0.1028243601059135,0.1691592665189976,0.014427679142512
91,unhealthy,0.83,0.1611918065129164,0.1551312649164677,0.3068530514831231,0.3068530514831231,0.231162632117286,0.1460646472721681,-0.0151271592407482
91,balanced,0.53,0.1090115269625343,0.2226027397260273,0.3317025440313111,0.1139921722113502,0.3317025440313111,0.1625469918157996,0.0535354648532652
92,healthy,0.95,0.1472430240950377,0.3319808188860199,0.16783474732571,0.2500922168941349,0.2500922168941349,0.1692835009446115,0.0220404768495737
92,unhealthy,0.88,0.1416078046004946,0.2007943512797881,0.2992056487202118,0.2992056487202118,0.2007943512797881,0.1838517210529566,0.0422439164524619
92,balanced,0.01,0.1058592105680911,0.2310838445807771,0.2310838445807771,0.2310838445807771,0.3067484662576687,0.1243971182151525,0.0185379076470613
93,healthy,0.91,0.1336360022343371,0.2851711026615969,0.214828897338403,0.214828897338403,0.2851711026615969,0.1346653172873743,0.0010293150530371
93,unhealthy,1.0,0.1480228143280682,0.3318649045521292,0.4405286343612334,0.2227116984826235,0.0048947626040137,0.1471292085127758,-0.0008936058152923
93,balanced,0.14,0.120047065314809,0.2227116984826236,0.2227116984826236,0.2227116984826236,0.3318649045521292,0.1351018795199937,0.0150548142051846
94,healthy,1.0,0.1463060174237024,0.3068530514831231,0.1551312649164677,0.231162632117286,0.3068530514831231,0.1732490207019117,0.0269430032782093
94,unhealthy,0.82,0.1791805656511486,0.2852614896988906,0.2852614896988906,0.2852614896988906,0.144215530903328,0.2051252662596094,0.0259447006084607
94,balanced,0.0,0.1490349427972108,0.3068530514831231,0.3068530514831231,0.1551312649164677,0.231162632117286,0.1443188985729872,-0.0047160442242236
95,healthy,1.0,0.1602001873052349,0.2723985536359984,0.2723985536359984,0.0936118923262354,0.3615910004017678,0.166634740864709,0.006434553559474
95,unhealthy,0.76,0.1499258504996156,0.2007943512797881,0.2007943512797881,0.2992056487202118,0.2992056487202118,0.2054224305500633,0.0554965800504476
95,balanced,0.08,0.1167596475650181,0.2500922168941349,0.3319808188860199,0.16783474732571,0.2500922168941349,0.1481961627972826,0.0314365152322644
96,healthy,0.95,0.1545312055647818,0.3068530514831231,0.0794408455506307,0.3068530514831231,0.3068530514831231,0.1658327380778741,0.0113015325130923
96,unhealthy,0.83,0.1964441043845899,0.0048947626040137,0.4405286343612334,0.2227116984826236,0.3318649045521292,0.1941408888455658,-0.0023032155390241
96,balanced,0.0,0.1336186450213004,0.2500922168941349,0.3319808188860199,0.16783474732571,0.2500922168941349,0.160034433793251,0.0264157887719506
97,healthy,0.99,0.1718336859357998,0.3068530514831231,0.0794408455506307,0.3068530514831231,0.3068530514831231,0.1861453327561738,0.0143116468203739
97,unhealthy,0.85,0.1619077069785315,0.1828778135048231,0.3617363344051446,0.272508038585209,0.1828778135048231,0.1826514240196722,0.0207437170411406
97,balanced,0.01,0.1409488435858644,0.2723985536359984,0.0936118923262354,0.3615910004017678,0.2723985536359984,0.1472381487736932,0.0062893051878288
98,healthy,1.0,0.154640257922737,0.3068530514831231,0.0794408455506307,0.3068530514831231,0.3068530514831231,0.1717591714610193,0.0171189135382823
98,unhealthy,0.85,0.190900675808694,0.3318649045521292,0.4405286343612334,0.2227116984826235,0.0048947626040137,0.1876793785567696,-0.0032212972519244
98,balanced,0.01,0.1333205503017535,0.424015009380863,0.1457160725453408,0.2845528455284553,0.1457160725453408,0.1563666783240334,0.0230461280222799
99,healthy,1.0,0.1536315282385257,0.272508038585209,0.3617363344051446,0.0040192926045016,0.3617363344051446,0.1837497603674782,0.0301182321289525
99,unhealthy,1.0,0.1342102922861684,0.1028243601059135,0.3971756398940865,0.2992056487202118,0.2007943512797881,0.1537786241884897,0.0195683319023212
99,balanced,0.13,0.1221795733891608,0.250092216894135,0.250092216894135,0.16783474732571,0.3319808188860199,0.1553850257888444,0.0332054523996836
0,healthy,0.99,0.1541093019021777,0.3319808188860199,0.250092216894135,0.0859461453338251,0.3319808188860199,0.1769855333726802,0.0228762314705025
0,unhealthy,0.99,0.1366896174382599,0.0794408455506307,0.3068530514831231,0.3068530514831231,0.3068530514831231,0.1721440865961259,0.0354544691578659
0,balanced,0.11,0.1506423070315938,0.3617363344051446,0.1828778135048231,0.272508038585209,0.1828778135048231,0.1657245711336446,0.0150822641020508
1,healthy,1.0,0.1725363224223211,0.2992056487202118,0.0044130626654898,0.3971756398940865,0.2992056487202118,0.1844423952444748,0.0119060728221536
1,unhealthy,0.8,0.1605102213815712,0.2992056487202118,0.0044130626654898,0.3971756398940865,0.2992056487202118,0.1451356554400298,-0.0153745659415414
1,balanced,0.02,0.1262313444522104,0.2851711026615969,0.214828897338403,0.2851711026615969,0.214828897338403,0.1557397758513836,0.0295084313991732
2,healthy,0.99,0.1586770133990777,0.3319808188860199,0.16783474732571,0.2500922168941349,0.2500922168941349,0.1808247926876074,0.0221477792885297
2,unhealthy,0.97,0.1702538329823159,0.0936495176848874,0.1828778135048231,0.3617363344051447,0.3617363344051447,0.1762282896871639,0.005974456704848
2,balanced,0.23,0.1211133022541246,0.2008830022075055,0.2008830022075055,0.2008830022075055,0.3973509933774835,0.1351449372330895,0.0140316349789649
3,healthy,0.92,0.1254425805144669,0.2990736656374062,0.1027790030877812,0.2990736656374062,0.2990736656374062,0.1376995959751489,0.012257015460682
3,unhealthy,0.87,0.1494496151114372,0.1551312649164677,0.3068530514831231,0.3068530514831231,0.231162632117286,0.1878021850377432,0.0383525699263059
3,balanced,0.98,0.1147085713134837,0.4405286343612334,0.2227116984826236,0.2227116984826236,0.1140479686735193,0.1410009889229413,0.0262924176094575
4,healthy,1.0,0.1605735195731017,0.2723985536359984,0.0936118923262354,0.2723985536359984,0.3615910004017678,0.1972729390267483,0.0366994194536466
4,unhealthy,0.98,0.1422438851115235,0.231162632117286,0.3068530514831231,0.3068530514831231,0.1551312649164677,0.1566303039190624,0.0143864188075389
4,balanced,0.01,0.1459122527697549,0.1828778135048231,0.1828778135048231,0.272508038585209,0.3617363344051447,0.1566003460922556,0.0106880933225007
5,healthy,0.98,0.1570318679375012,0.3319808188860199,0.250092216894135,0.0859461453338251,0.3319808188860199,0.1882747913576121,0.0312429234201109
5,unhealthy,0.98,0.1565213302152953,0.2498627127951674,0.2498627127951674,0.3723228995057661,0.1279516749038989,0.1667299861606862,0.0102086559453909
5,balanced,0.14,0.1492602538052342,0.1457160725453408,0.1457160725453408,0.2845528455284552,0.424015009380863,0.1568399724081863,0.007579718602952
6,healthy,0.94,0.1547231775167573,0.4242803504380476,0.2847309136420525,0.2847309136420525,0.0062578222778473,0.1852555311052845,0.0305323535885272
6,unhealthy,1.0,0.1650619157947562,0.1028243601059135,0.3971756398940865,0.2992056487202118,0.2007943512797881,0.1900025685346603,0.024940652739904
6,balanced,0.21,0.1391149395727914,0.1828778135048231,0.3617363344051446,0.0936495176848874,0.3617363344051446,0.1436838165171303,0.0045688769443389
7,healthy,1.0,0.1230148759077718,0.4405286343612334,0.2227116984826235,0.3318649045521292,0.0048947626040137,0.1396747497390008,0.0166598738312289
7,unhealthy,1.0,0.1667351071976428,0.231162632117286,0.3068530514831231,0.3068530514831231,0.1551312649164677,0.1636202130671673,-0.0031148941304754
7,balanced,0.09,0.1318671492302436,0.3318649045521292,0.2227116984826236,0.2227116984826236,0.2227116984826236,0.1445785821899091,0.0127114329596654
8,healthy,1.0,0.1466673707312946,0.3068530514831231,0.0794408455506307,0.3068530514831231,0.3068530514831231,0.1682098854327275,0.0215425147014328
8,unhealthy,1.0,0.1708963211997083,0.1278814489571899,0.1278814489571899,0.37211855104281,0.37211855104281,0.164149092250796,-0.0067472289489123
8,balanced,0.17,0.1346877845477734,0.4403131115459883,0.1139921722113503,0.3317025440313112,0.1139921722113503,0.1447510302577044,0.010063245709931
9,healthy,1.0,0.1619543864079921,0.2498627127951674,0.1279516749038989,0.1279516749038989,0.4942339373970346,0.1738838091306097,0.0119294227226175
9,unhealthy,0.99,0.1813633096755751,0.3319808188860199,0.250092216894135,0.3319808188860199,0.0859461453338251,0.1795764408006704,-0.0017868688749047
9,balanced,0.14,0.1415011944328099,0.0205761316872428,0.0205761316872428,0.4794238683127572,0.4794238683127572,0.1653421184156484,0.0238409239828384
10,healthy,0.88,0.1499328699584653,0.3319808188860199,0.2500922168941349,0.2500922168941349,0.16783474732571,0.1780284545657098,0.0280955846072444
10,unhealthy,0.98,0.1542943062937384,0.250092216894135,0.3319808188860199,0.3319808188860199,0.0859461453338251,0.148795772666609,-0.0054985336271294
10,balanced,0.12,0.126605656160635,0.2664298401420959,0.2007104795737122,0.2664298401420959,0.2664298401420959,0.1585577063902835,0.0319520502296485
11,healthy,0.81,0.1637829555208866,0.2992056487202118,0.3971756398940865,0.1028243601059135,0.2007943512797881,0.1797523075515546,0.0159693520306679
11,unhealthy,0.87,0.1823953790008759,0.1278814489571899,0.1278814489571899,0.37211855104281,0.37211855104281,0.1917308687968355,0.0093354897959595
11,balanced,0.07,0.1400804369892511,0.3617363344051447,0.3617363344051447,0.0936495176848874,0.1828778135048231,0.1424019804637753,0.0023215434745241
12,healthy,1.0,0.1482255255551962,0.3068530514831231,0.0794408455506307,0.3068530514831231,0.3068530514831231,0.1698613480469883,0.021635822491792
12,unhealthy,0.99,0.1667412869832621,0.0794408455506307,0.3068530514831231,0.3068530514831231,0.3068530514831231,0.2010677492122001,0.034326462228938
12,balanced,0.07,0.1046612653342567,0.424015009380863,0.2845528455284553,0.1457160725453408,0.1457160725453408,0.1180636036003427,0.013402338266086
13,healthy,0.92,0.144464304785415,0.3319808188860199,0.16783474732571,0.2500922168941349,0.2500922168941349,0.1808574506928384,0.0363931459074233
13,unhealthy,0.84,0.1618528146469735,0.3971756398940864,0.2992056487202117,0.2992056487202117,0.0044130626654898,0.1798177094123932,0.0179648947654197
13,balanced,0.04,0.1409072216291917,0.1028243601059135,0.2992056487202118,0.2007943512797881,0.3971756398940865,0.1291056391723423,-0.0118015824568493
14,healthy,0.99,0.152655686308675,0.2019064124783362,0.0086655112651646,0.2019064124783362,0.587521663778163,0.1639474858319885,0.0112917995233135
14,unhealthy,0.99,0.1483453010524227,0.3971756398940864,0.2992056487202117,0.2992056487202117,0.0044130626654898,0.1411019763524737,-0.007243324699949
14,balanced,0.07,0.1193348300427454,0.2019064124783362,0.2019064124783362,0.2019064124783362,0.3942807625649913,0.1351110705123461,0.0157762404696007
15,healthy,0.9,0.1891492160841975,0.250092216894135,0.0859461453338251,0.3319808188860199,0.3319808188860199,0.1820486883039341,-0.0071005277802633
15,unhealthy,0.99,0.1512091863089135,0.1828778135048231,0.1828778135048231,0.3617363344051446,0.272508038585209,0.1657071370592587,0.0144979507503452
15,balanced,0.12,0.1012036283960235,0.250092216894135,0.16783474732571,0.3319808188860199,0.250092216894135,0.1343354702027217,0.0331318418066982
16,healthy,0.99,0.1263521508041534,0.3068530514831231,0.231162632117286,0.1551312649164677,0.3068530514831231,0.1494684953600869,0.0231163445559334
16,unhealthy,0.91,0.1465583746081376,0.0040192926045016,0.3617363344051447,0.272508038585209,0.3617363344051447,0.1603584153350263,0.0138000407268887
16,balanced,0.32,0.1150902071295513,0.1828778135048231,0.3617363344051446,0.0936495176848874,0.3617363344051446,0.1542907280538854,0.0392005209243341
17,healthy,0.99,0.1487717471842117,0.2992056487202118,0.1028243601059135,0.2007943512797881,0.3971756398940865,0.1899571087650033,0.0411853615807916
17,unhealthy,0.78,0.1720323638369253,0.3319808188860199,0.250092216894135,0.3319808188860199,0.0859461453338251,0.1810860818785476,0.0090537180416222
17,balanced,0.0,0.112424850250301,0.0062578222778473,0.2847309136420525,0.1458072590738423,0.5632040050062578,0.1242230400372188,0.0117981897869177
18,healthy,1.0,0.1816572595510973,0.3617363344051446,0.1828778135048231,0.0936495176848874,0.3617363344051446,0.2020087738672509,0.0203515143161536
18,unhealthy,0.99,0.134219457666531,0.231162632117286,0.3068530514831231,0.3068530514831231,0.1551312649164677,0.1565710103044184,0.0223515526378874
18,balanced,0.09,0.1052875163958867,0.250092216894135,0.16783474732571,0.250092216894135,0.3319808188860199,0.1271864951852344,0.0218989787893477
19,healthy,1.0,0.1425806992157531,0.3319808188860199,0.250092216894135,0.0859461453338251,0.3319808188860199,0.1681469348806192,0.0255662356648661
19,unhealthy,0.88,0.1666212335950564,0.0048947626040137,0.4405286343612334,0.2227116984826236,0.3318649045521292,0.1398496842211683,-0.0267715493738881
19,balanced,0.08,0.133437789076163,0.3319808188860199,0.16783474732571,0.2500922168941349,0.2500922168941349,0.1500195359819842,0.0165817469058211
20,healthy,0.9,0.1585016389042944,0.3067484662576686,0.231083844580777,0.231083844580777,0.231083844580777,0.1795279220596096,0.0210262831553152
20,unhealthy,0.88,0.1754301898192764,0.0044130626654898,0.2992056487202118,0.2992056487202118,0.3971756398940865,0.190166111372676,0.0147359215533996
20,balanced,0.16,0.1255745394462386,0.2723985536359984,0.3615910004017678,0.0936118923262354,0.2723985536359984,0.1416667454047306,0.0160922059584919
21,healthy,0.82,0.1756450671541172,0.3615910004017678,0.2723985536359984,0.2723985536359984,0.0936118923262354,0.1648254305229842,-0.010819636631133
21,unhealthy,0.86,0.1459050842621745,0.1551312649164677,0.3068530514831231,0.3068530514831231,0.231162632117286,0.1809730993576944,0.0350680150955199
21,balanced,0.01,0.1145847645178893,0.1828778135048231,0.1828778135048231,0.272508038585209,0.3617363344051447,0.1371023946943952,0.0225176301765058
22,healthy,0.82,0.1646170967946001,0.2227116984826236,0.0048947626040137,0.3318649045521292,0.4405286343612334,0.192227886718341,0.0276107899237408
22,unhealthy,0.99,0.1792051872627111,0.0936118923262354,0.3615910004017678,0.2723985536359984,0.2723985536359984,0.189569577078293,0.0103643898155818
22,balanced,0.02,0.1325589968930751,0.2019064124783362,0.2019064124783362,0.2019064124783362,0.3942807625649913,0.1350968179996919,0.0025378211066167
23,healthy,0.89,0.1626246043460083,0.3946227233304423,0.588031222896791,0.0086730268863833,0.0086730268863833,0.1525393824951936,-0.0100852218508147
23,unhealthy,0.99,0.1845866908760068,0.0936118923262354,0.3615910004017678,0.2723985536359984,0.2723985536359984,0.2074651463779236,0.0228784555019167
23,balanced,0.25,0.138194759897714,0.3723228995057661,0.1279516749038989,0.2498627127951674,0.2498627127951674,0.1488440706923086,0.0106493107945945
24,healthy,0.97,0.1499636329061004,0.3068530514831231,0.231162632117286,0.1551312649164677,0.3068530514831231,0.1573205661136874,0.0073569332075869
24,unhealthy,1.0,0.1548888555283039,0.1678966789667896,0.3321033210332103,0.3321033210332103,0.1678966789667896,0.1373532407580339,-0.0175356147702699
24,balanced,0.0,0.1340761217928811,0.3721185510428101,0.1278814489571899,0.3721185510428101,0.1278814489571899,0.1474186252873034,0.0133425034944222
25,healthy,1.0,0.1461940348501921,0.3306686046511627,0.1693313953488372,0.1693313953488372,0.3306686046511627,0.1451751616691511,-0.001018873181041
25,unhealthy,0.86,0.1762012382912188,0.3318649045521292,0.4405286343612334,0.2227116984826235,0.0048947626040137,0.1965749136345806,0.0203736753433617
25,balanced,0.01,0.1108293260867261,0.2310838445807771,0.2310838445807771,0.2310838445807771,0.3067484662576687,0.1075232364089788,-0.0033060896777472
26,healthy,1.0,0.1441115691651043,0.3068530514831231,0.1551312649164677,0.231162632117286,0.3068530514831231,0.1725127806394601,0.0284012114743558
26,unhealthy,0.83,0.1544536887521992,0.3319808188860199,0.0859461453338251,0.3319808188860199,0.250092216894135,0.1827696741476734,0.0283159853954742
26,balanced,0.04,0.1222031323839493,0.3319808188860199,0.2500922168941349,0.16783474732571,0.2500922168941349,0.1122588219797234,-0.0099443104042259
27,healthy,1.0,0.1397454428953582,0.3317025440313111,0.3317025440313111,0.1139921722113502,0.2226027397260273,0.1549753912963453,0.0152299484009871
27,unhealthy,0.84,0.1539986334468489,0.0048947626040137,0.3318649045521292,0.2227116984826236,0.4405286343612334,0.1797394995845172,0.0257408661376683
27,balanced,0.01,0.129841171750654,0.2310838445807771,0.2310838445807771,0.2310838445807771,0.3067484662576687,0.1477482513721953,0.0179070796215413
28,healthy,0.9,0.1325112683444869,0.3973509933774834,0.2008830022075055,0.3973509933774834,0.0044150110375275,0.1376804747546183,0.0051692064101313
28,unhealthy,0.9,0.1506983908415407,0.250092216894135,0.16783474732571,0.3319808188860199,0.250092216894135,0.1814700846465656,0.0307716938050249
28,balanced,0.25,0.1292058926939352,0.0072674418604651,0.1693313953488372,0.3306686046511627,0.4927325581395348,0.1408707629483903,0.0116648702544551
29,healthy,0.8,0.1644596689990036,0.2227116984826236,0.1140479686735193,0.2227116984826236,0.4405286343612334,0.1652860386446887,0.0008263696456851
29,unhealthy,0.76,0.159811642388649,0.2847309136420525,0.2847309136420525,0.2847309136420525,0.1458072590738423,0.1707520624084333,0.0109404200197843
29,balanced,0.02,0.1403793999409006,0.1457160725453408,0.1457160725453408,0.2845528455284552,0.424015009380863,0.1605976948505806,0.0202182949096799
30,healthy,0.82,0.1656260321130502,0.250092216894135,0.3319808188860199,0.0859461453338251,0.3319808188860199,0.1956420360786455,0.0300160039655953
30,unhealthy,0.93,0.1716967422285633,0.2723985536359984,0.3615910004017678,0.2723985536359984,0.0936118923262354,0.1763164124533504,0.004619670224787
30,balanced,0.05,0.1216847186941681,0.250092216894135,0.3319808188860199,0.0859461453338251,0.3319808188860199,0.1303337030399676,0.0086489843457994
31,healthy,1.0,0.1858584393523633,0.3068530514831231,0.3068530514831231,0.0794408455506307,0.3068530514831231,0.1865859739061056,0.0007275345537422
31,unhealthy,0.87,0.178009037777016,0.2990736656374062,0.2990736656374062,0.2990736656374062,0.1027790030877812,0.1873399091622613,0.0093308713852452
31,balanced,0.12,0.134941935566189,0.3617363344051446,0.272508038585209,0.1828778135048231,0.1828778135048231,0.1529651945756227,0.0180232590094336
32,healthy,1.0,0.1562509472937242,0.272508038585209,0.1828778135048231,0.1828778135048231,0.3617363344051447,0.1618647998565139,0.0056138525627897
32,unhealthy,0.85,0.1584938475559915,0.0054914881933003,0.3723228995057661,0.2498627127951674,0.3723228995057661,0.1693375168264344,0.0108436692704428
32,balanced,0.24,0.1434501749965408,0.3317025440313111,0.1139921722113502,0.3317025440313111,0.2226027397260273,0.1757266707992373,0.0322764958026964
33,healthy,1.0,0.1812004898007743,0.3319808188860199,0.0859461453338251,0.3319808188860199,0.250092216894135,0.1889555644169157,0.0077550746161413
33,unhealthy,0.88,0.1364995207616844,0.4405286343612334,0.2227116984826235,0.3318649045521292,0.0048947626040137,0.1375960987570635,0.0010965779953791
33,balanced,0.06,0.1130326753784768,0.424015009380863,0.1457160725453408,0.2845528455284553,0.1457160725453408,0.1271794365385128,0.0141467611600359
34,healthy,0.94,0.1484256334421541,0.272508038585209,0.1828778135048231,0.1828778135048231,0.3617363344051447,0.1709848380814805,0.0225592046393263
34,unhealthy,0.9,0.1620293904045401,0.0054914881933003,0.1279516749038989,0.3723228995057661,0.4942339373970346,0.172504661821002,0.0104752714164618
34,balanced,0.06,0.1280986758346766,0.2851711026615969,0.214828897338403,0.2851711026615969,0.214828897338403,0.1360235085002773,0.0079248326656007
35,healthy,0.99,0.1653909669599775,0.3615910004017678,0.2723985536359984,0.0936118923262354,0.2723985536359984,0.1903021840351959,0.0249112170752184
35,unhealthy,0.86,0.1437526074745833,0.2500922168941349,0.2500922168941349,0.3319808188860199,0.16783474732571,0.1646532627782766,0.0209006553036932
35,balanced,0.14,0.1172141853101247,0.250092216894135,0.16783474732571,0.250092216894135,0.3319808188860199,0.1431373689007893,0.0259231835906646
36,healthy,0.95,0.1398505658794199,0.3068530514831231,0.3068530514831231,0.0794408455506307,0.3068530514831231,0.1754509064476127,0.0356003405681928
36,unhealthy,1.0,0.1529363461362399,0.1028243601059135,0.3971756398940865,0.2992056487202118,0.2007943512797881,0.1600914428930581,0.0071550967568181
36,balanced,0.15,0.1244990581168067,0.2723985536359984,0.0936118923262354,0.3615910004017678,0.2723985536359984,0.1332651459939702,0.0087660878771634
37,healthy,0.99,0.1662533576110901,0.1693313953488372,0.1693313953488372,0.0072674418604651,0.6540697674418605,0.1672346707479619,0.0009813131368717
37,unhealthy,1.0,0.1418526451354083,0.1551312649164677,0.3068530514831231,0.3068530514831231,0.231162632117286,0.1575129426648222,0.0156602975294139
37,balanced,0.07,0.1217841217183166,0.3942807625649913,0.2019064124783362,0.2019064124783362,0.2019064124783362,0.1285331578908893,0.0067490361725726
38,healthy,1.0,0.1617400624673471,0.2502685284640172,0.0107411385606874,0.2502685284640172,0.4887218045112782,0.1708979849088077,0.0091579224414606
38,unhealthy,1.0,0.1386121321852855,0.1693313953488372,0.6540697674418605,0.1693313953488372,0.0072674418604651,0.140326508315398,0.0017143761301125
38,balanced,0.16,0.1316795132618164,0.3068530514831231,0.231162632117286,0.1551312649164677,0.3068530514831231,0.1555390292487558,0.0238595159869394
39,healthy,1.0,0.1538806665126712,0.4945054945054944,0.0054945054945054,0.4945054945054944,0.0054945054945054,0.1427576369851442,-0.011123029527527
39,unhealthy,0.99,0.1553558771966671,0.2007943512797881,0.3971756398940864,0.2992056487202117,0.1028243601059134,0.1818301131011952,0.0264742359045281
39,balanced,0.04,0.1277124688279089,0.3617363344051446,0.272508038585209,0.1828778135048231,0.1828778135048231,0.1248363360622059,-0.002876132765703
40,healthy,0.95,0.1612377035245925,0.2227116984826236,0.3318649045521292,0.0048947626040137,0.4405286343612334,0.1800185445910026,0.0187808410664101
40,unhealthy,0.99,0.1626856775200657,0.0072674418604651,0.6540697674418605,0.1693313953488372,0.1693313953488372,0.1820967246961721,0.0194110471761063
40,balanced,0.06,0.1308796549688875,0.3318649045521292,0.4405286343612334,0.0048947626040137,0.2227116984826236,0.1337168343939634,0.0028371794250759
41,healthy,0.85,0.1411903312371185,0.3068530514831231,0.1551312649164677,0.231162632117286,0.3068530514831231,0.1450253206083527,0.0038349893712341
41,unhealthy,0.99,0.1575023949893157,0.0141043723554301,0.3286318758815233,0.3286318758815233,0.3286318758815233,0.1615859262363249,0.0040835312470091
41,balanced,0.04,0.1161237424480109,0.2992056487202118,0.2007943512797881,0.2992056487202118,0.2007943512797881,0.1274403494868481,0.0113166070388372
42,healthy,0.92,0.1903511698448848,0.2723985536359984,0.2723985536359984,0.0936118923262354,0.3615910004017678,0.2081245535161267,0.0177733836712418
42,unhealthy,1.0,0.1696261457136184,0.0141043723554301,0.3286318758815233,0.3286318758815233,0.3286318758815233,0.1891184597336709,0.0194923140200524
42,balanced,0.07,0.1147241082413337,0.3067484662576686,0.231083844580777,0.231083844580777,0.231083844580777,0.1439064023572143,0.0291822941158805
43,healthy,0.77,0.1427047178798547,0.2851711026615969,0.214828897338403,0.214828897338403,0.2851711026615969,0.1596832260340589,0.0169785081542042
43,unhealthy,0.86,0.1506757834074746,0.2723985536359984,0.3615910004017678,0.2723985536359984,0.0936118923262354,0.152914094994162,0.0022383115866873
43,balanced,0.08,0.1064482658347202,0.2723985536359984,0.1828043390920048,0.2723985536359984,0.2723985536359984,0.1552129108887439,0.0487646450540236
44,healthy,1.0,0.1365978714732797,0.3319808188860199,0.0859461453338251,0.250092216894135,0.3319808188860199,0.1510941040853812,0.0144962326121015
44,unhealthy,1.0,0.1438008101876607,0.250092216894135,0.3319808188860199,0.3319808188860199,0.0859461453338251,0.1758377295485785,0.0320369193609178
44,balanced,0.29,0.1338665510486651,0.1457160725453408,0.1457160725453408,0.2845528455284552,0.424015009380863,0.1617248567890705,0.0278583057404054
45,healthy,1.0,0.1547409521439127,0.3319808188860199,0.0859461453338251,0.3319808188860199,0.250092216894135,0.170643583544422,0.0159026314005093
45,unhealthy,0.91,0.1536112018243533,0.1551312649164677,0.3068530514831231,0.3068530514831231,0.231162632117286,0.1909286445902973,0.037317442765944
45,balanced,0.2,0.1433137595949812,0.4405286343612334,0.2227116984826236,0.2227116984826236,0.1140479686735193,0.1540046457558205,0.0106908861608393
46,healthy,1.0,0.1705423551516188,0.2723985536359984,0.2723985536359984,0.0936118923262354,0.3615910004017678,0.2004117141457479,0.029869358994129
46,unhealthy,0.77,0.1937019533779847,0.0936118923262354,0.2723985536359984,0.2723985536359984,0.3615910004017678,0.2063232014488261,0.0126212480708414
46,balanced,0.03,0.1288752486658298,0.2310838445807771,0.2310838445807771,0.2310838445807771,0.3067484662576687,0.1423750401297974,0.0134997914639675
47,healthy,0.98,0.1336648141372993,0.3068530514831231,0.231162632117286,0.1551312649164677,0.3068530514831231,0.1453137333440775,0.0116489192067782
47,unhealthy,1.0,0.1564820223045569,0.1551312649164677,0.3068530514831231,0.3068530514831231,0.231162632117286,0.166863431338687,0.0103814090341301
47,balanced,0.09,0.1331667251796411,0.2664298401420959,0.2664298401420959,0.2007104795737122,0.2664298401420959,0.155747103812135,0.0225803786324939
48,healthy,0.81,0.1623192472202717,0.250092216894135,0.0859461453338251,0.3319808188860199,0.3319808188860199,0.1938816772773408,0.031562430057069
48,unhealthy,0.78,0.1675092118708992,0.1028243601059135,0.2007943512797881,0.2992056487202118,0.3971756398940865,0.1699991219553019,0.0024899100844026
48,balanced,0.11,0.1245721751123923,0.2227116984826236,0.2227116984826236,0.2227116984826236,0.3318649045521292,0.1276817611501683,0.003109586037776
49,healthy,0.99,0.1295230745831788,0.2845528455284552,0.1457160725453408,0.1457160725453408,0.424015009380863,0.157757703976528,0.0282346293933491
49,unhealthy,0.88,0.1248423031836661,0.1828778135048231,0.3617363344051446,0.272508038585209,0.1828778135048231,0.1349595338534887,0.0101172306698225
49,balanced,0.12,0.1206071150127334,0.2847309136420525,0.1458072590738423,0.2847309136420525,0.2847309136420525,0.1377652698682464,0.017158154855513
50,healthy,0.87,0.1625285130330205,0.250092216894135,0.16783474732571,0.250092216894135,0.3319808188860199,0.1889683953004891,0.0264398822674686
50,unhealthy,0.81,0.1775908921399497,0.214828897338403,0.2851711026615969,0.2851711026615969,0.214828897338403,0.1954461502310486,0.0178552580910989
50,balanced,0.32,0.1135515978651521,0.1140479686735193,0.2227116984826236,0.2227116984826236,0.4405286343612334,0.1500313829831859,0.0364797851180337
51,healthy,1.0,0.1530668512988063,0.3319808188860199,0.0859461453338251,0.250092216894135,0.3319808188860199,0.1575912400793533,0.004524388780547
51,unhealthy,0.89,0.1597372592857322,0.231162632117286,0.3068530514831231,0.3068530514831231,0.1551312649164677,0.1744035512887061,0.0146662920029738
51,balanced,0.01,0.1264919563959636,0.3318649045521292,0.2227116984826236,0.2227116984826236,0.2227116984826236,0.1451003243726684,0.0186083679767048
52,healthy,0.72,0.1503760213889486,0.231162632117286,0.1551312649164677,0.3068530514831231,0.3068530514831231,0.1733814517598307,0.0230054303708821
52,unhealthy,0.9,0.1897228249849907,0.2227116984826236,0.4405286343612334,0.2227116984826236,0.1140479686735193,0.2015755637610787,0.011852738776088
52,balanced,0.02,0.150865406432425,0.2226027397260273,0.1139921722113502,0.3317025440313111,0.3317025440313111,0.1646388379560881,0.013773431523663
53,healthy,1.0,0.1528602538901375,0.3617363344051447,0.0936495176848874,0.1828778135048231,0.3617363344051447,0.1593306162120601,0.0064703623219226
53,unhealthy,0.91,0.1327790837911054,0.1551312649164677,0.3068530514831231,0.3068530514831231,0.231162632117286,0.1813294264307604,0.0485503426396549
53,balanced,0.15,0.1200412072954321,0.2007943512797881,0.3971756398940865,0.1028243601059135,0.2992056487202118,0.1207689801536807,0.0007277728582485
54,healthy,1.0,0.1555188829958281,0.3068530514831231,0.0794408455506307,0.3068530514831231,0.3068530514831231,0.166313717366047,0.0107948343702189
54,unhealthy,0.85,0.1620665065984836,0.3068530514831231,0.3068530514831231,0.3068530514831231,0.0794408455506307,0.2151523726264251,0.0530858660279414
54,balanced,0.0,0.1440735423563419,0.2723985536359984,0.3615910004017678,0.0936118923262354,0.2723985536359984,0.1452552375297185,0.0011816951733766
55,healthy,1.0,0.1638265709617695,0.3068530514831231,0.3068530514831231,0.0794408455506307,0.3068530514831231,0.1688911875276881,0.0050646165659186
55,unhealthy,0.87,0.159755954274861,0.0794408455506307,0.3068530514831231,0.3068530514831231,0.3068530514831231,0.1914590641915533,0.0317031099166922
55,balanced,0.11,0.150471433117674,0.1140479686735193,0.2227116984826236,0.2227116984826236,0.4405286343612334,0.1425769152368,-0.0078945178808739
56,healthy,1.0,0.1627343845212359,0.3068530514831231,0.3068530514831231,0.0794408455506307,0.3068530514831231,0.1897784263667125,0.0270440418454766
56,unhealthy,0.85,0.1870886392590624,0.214828897338403,0.2851711026615969,0.2851711026615969,0.214828897338403,0.2171627479275885,0.0300741086685261
56,balanced,0.22,0.1307517962887364,0.3318649045521292,0.0048947626040137,0.4405286343612334,0.2227116984826236,0.1454058260753857,0.0146540297866493
57,healthy,1.0,0.1234103133212936,0.3317025440313111,0.2226027397260273,0.1139921722113502,0.3317025440313111,0.1478626881538715,0.0244523748325778
57,unhealthy,1.0,0.1518085447924695,0.3318649045521292,0.0048947626040137,0.4405286343612334,0.2227116984826236,0.1768568109785738,0.0250482661861042
57,balanced,0.01,0.1209951032634438,0.3617363344051446,0.1828778135048231,0.272508038585209,0.1828778135048231,0.1330532499135985,0.0120581466501546
58,healthy,1.0,0.160027811757835,0.2992056487202118,0.1028243601059135,0.2007943512797881,0.3971756398940865,0.1515953061855379,-0.0084325055722971
58,unhealthy,0.98,0.1636900275553936,0.2723985536359984,0.3615910004017678,0.2723985536359984,0.0936118923262354,0.1671547974171208,0.0034647698617271
58,balanced,0.13,0.1410390997313661,0.1140479686735193,0.2227116984826236,0.2227116984826236,0.4405286343612334,0.150303547816316,0.0092644480849498
59,healthy,0.84,0.170803800417582,0.2992056487202118,0.3971756398940865,0.1028243601059135,0.2007943512797881,0.1964869148007786,0.0256831143831965
59,unhealthy,0.87,0.1435867251607283,0.0054914881933003,0.1279516749038989,0.3723228995057661,0.4942339373970346,0.1697149545635654,0.0261282294028371
59,balanced,0.12,0.1171705892719259,0.424015009380863,0.2845528455284553,0.1457160725453408,0.1457160725453408,0.1431322672011464,0.0259616779292205
60,healthy,1.0,0.1510977084356643,0.2723985536359984,0.2723985536359984,0.0936118923262354,0.3615910004017678,0.1667622561594023,0.0156645477237379
60,unhealthy,0.98,0.16172059520379,0.3068530514831231,0.3068530514831231,0.3068530514831231,0.0794408455506307,0.161443663054303,-0.000276932149487
60,balanced,0.24,0.1226057198989701,0.3617363344051447,0.0936495176848874,0.3617363344051447,0.1828778135048231,0.1367302006519512,0.014124480752981
61,healthy,0.92,0.1924655165682114,0.2852614896988906,0.2852614896988906,0.144215530903328,0.2852614896988906,0.2246087953460242,0.0321432787778128
61,unhealthy,0.89,0.1448097934249949,0.231162632117286,0.3068530514831231,0.3068530514831231,0.1551312649164677,0.1443477093814198,-0.000462084043575
61,balanced,0.03,0.120141297005075,0.3617363344051446,0.1828778135048231,0.272508038585209,0.1828778135048231,0.1208894673392991,0.0007481703342241
62,healthy,0.93,0.1667457112698342,0.272508038585209,0.1828778135048231,0.1828778135048231,0.3617363344051447,0.1893145245193635,0.0225688132495292
62,unhealthy,0.77,0.1254123333161058,0.250092216894135,0.16783474732571,0.3319808188860199,0.250092216894135,0.1504876443662468,0.0250753110501409
62,balanced,0.11,0.1260754823340347,0.1457160725453408,0.2845528455284552,0.1457160725453408,0.424015009380863,0.1325837557585189,0.0065082734244841
63,healthy,1.0,0.170783585584191,0.3068530514831231,0.231162632117286,0.1551312649164677,0.3068530514831231,0.1675412866405987,-0.0032422989435922
63,unhealthy,1.0,0.1516675044249827,0.250092216894135,0.3319808188860199,0.3319808188860199,0.0859461453338251,0.1682378812209367,0.016570376795954
63,balanced,0.01,0.1645479269730295,0.231162632117286,0.3068530514831231,0.1551312649164677,0.3068530514831231,0.1716491928942902,0.0071012659212607
64,healthy,0.9,0.1921047044671695,0.2227116984826236,0.3318649045521292,0.0048947626040137,0.4405286343612334,0.1951401232735608,0.0030354188063912
64,unhealthy,0.88,0.1788819988689942,0.0859461453338251,0.3319808188860199,0.3319808188860199,0.250092216894135,0.2046355098397467,0.0257535109707525
64,balanced,0.02,0.1420958677535912,0.3971756398940865,0.1028243601059135,0.2992056487202118,0.2007943512797881,0.1324187935034687,-0.0096770742501225
65,healthy,0.89,0.1525632137510147,0.3068530514831231,0.1551312649164677,0.231162632117286,0.3068530514831231,0.1682229208356921,0.0156597070846774
65,unhealthy,1.0,0.2037072047917032,0.1028243601059135,0.3971756398940865,0.2992056487202118,0.2007943512797881,0.2075154306125283,0.003808225820825
65,balanced,0.13,0.112233791015262,0.3317025440313111,0.3317025440313111,0.1139921722113502,0.2226027397260273,0.1394007294552574,0.0271669384399953
66,healthy,0.91,0.1848122203850372,0.2664298401420959,0.2007104795737122,0.2664298401420959,0.2664298401420959,0.1920842761512271,0.0072720557661899
66,unhealthy,0.85,0.1913386819356458,0.1828778135048231,0.3617363344051446,0.272508038585209,0.1828778135048231,0.1977394342289436,0.0064007522932977
66,balanced,0.27,0.1304378243908524,0.3319808188860199,0.3319808188860199,0.0859461453338251,0.250092216894135,0.1353824128752682,0.0049445884844158
67,healthy,0.99,0.1484600639313811,0.3617363344051446,0.0040192926045016,0.3617363344051446,0.272508038585209,0.1987363519478177,0.0502762880164366
67,unhealthy,0.99,0.1686335356274037,0.0794408455506307,0.3068530514831231,0.3068530514831231,0.3068530514831231,0.1742796290595348,0.0056460934321311
67,balanced,0.37,0.1279675637373007,0.2723985536359984,0.1828043390920048,0.2723985536359984,0.2723985536359984,0.1420867863021633,0.0141192225648625
68,healthy,0.94,0.1602359058340215,0.3068530514831231,0.0794408455506307,0.3068530514831231,0.3068530514831231,0.173395527082365,0.0131596212483435
68,unhealthy,0.98,0.1399255622097639,0.2992056487202119,0.2007943512797882,0.3971756398940865,0.1028243601059135,0.1263123931845091,-0.0136131690252547
68,balanced,0.2,0.1100185717123215,0.1457160725453408,0.1457160725453408,0.2845528455284552,0.424015009380863,0.13264658040973,0.0226280086974084
69,healthy,0.98,0.1530633871580979,0.2723985536359984,0.0936118923262354,0.2723985536359984,0.3615910004017678,0.1505680048527246,-0.0024953823053732
69,unhealthy,0.77,0.1800326488194643,0.1828778135048231,0.3617363344051446,0.272508038585209,0.1828778135048231,0.202002561474524,0.0219699126550597
69,balanced,0.15,0.1180429486540807,0.2847309136420525,0.1458072590738423,0.2847309136420525,0.2847309136420525,0.1460733839241604,0.0280304352700796
70,healthy,0.71,0.1662267653786582,0.3317025440313111,0.1139921722113502,0.3317025440313111,0.2226027397260273,0.170180436387686,0.0039536710090277
70,unhealthy,0.98,0.1847296125853655,0.0048947626040137,0.4405286343612334,0.2227116984826236,0.3318649045521292,0.1843486207243459,-0.0003809918610196
70,balanced,0.21,0.1139941551180902,0.3319808188860199,0.16783474732571,0.2500922168941349,0.2500922168941349,0.1318882831368466,0.0178941280187564
71,healthy,0.99,0.1323185595014699,0.2992056487202118,0.2007943512797881,0.1028243601059135,0.3971756398940865,0.1503323074055423,0.0180137479040723
71,unhealthy,0.99,0.1559622804102371,0.2007943512797881,0.3971756398940864,0.2992056487202117,0.1028243601059134,0.1593414007274008,0.0033791203171636
71,balanced,0.15,0.1238358371790862,0.250092216894135,0.16783474732571,0.250092216894135,0.3319808188860199,0.1336514129762795,0.0098155757971932
72,healthy,0.94,0.1627751622246959,0.3721185510428101,0.1278814489571899,0.3721185510428101,0.1278814489571899,0.1884131143981287,0.0256379521734327
72,unhealthy,0.99,0.1531843004471312,0.1139921722113502,0.2226027397260273,0.3317025440313111,0.3317025440313111,0.1609431922495685,0.0077588918024372
72,balanced,0.0,0.139325308541683,0.1828778135048231,0.272508038585209,0.1828778135048231,0.3617363344051447,0.1731499884419806,0.0338246799002975
73,healthy,0.97,0.1636291109066487,0.3068530514831231,0.3068530514831231,0.0794408455506307,0.3068530514831231,0.1774022461613735,0.0137731352547247
73,unhealthy,1.0,0.1626032234701656,0.2007943512797881,0.3971756398940864,0.2992056487202117,0.1028243601059134,0.1840753516014088,0.0214721281312432
73,balanced,0.36,0.1188197180388646,0.3068530514831231,0.1551312649164677,0.3068530514831231,0.231162632117286,0.1388346948817124,0.0200149768428478
74,healthy,0.99,0.1871590951395259,0.1693313953488372,0.0072674418604651,0.1693313953488372,0.6540697674418605,0.1773603908151754,-0.0097987043243505
74,unhealthy,0.78,0.1838005452183246,0.3319808188860199,0.3319808188860199,0.250092216894135,0.0859461453338251,0.1854716009609831,0.0016710557426585
74,balanced,0.05,0.1421325287858813,0.231162632117286,0.1551312649164677,0.3068530514831231,0.3068530514831231,0.1580176033066335,0.0158850745207522
75,healthy,1.0,0.1607549625465003,0.3068530514831231,0.231162632117286,0.1551312649164677,0.3068530514831231,0.1601409578567559,-0.0006140046897443
75,unhealthy,0.89,0.1829274255509349,0.0794408455506307,0.3068530514831231,0.3068530514831231,0.3068530514831231,0.2006007074294205,0.0176732818784855
75,balanced,0.07,0.1167989404744232,0.1139921722113502,0.1139921722113502,0.3317025440313111,0.4403131115459882,0.1517753889598146,0.0349764484853914
76,healthy,0.89,0.1574177676662542,0.2227116984826236,0.1140479686735193,0.2227116984826236,0.4405286343612334,0.1768134451581792,0.019395677491925
76,unhealthy,0.98,0.1707184073459696,0.250092216894135,0.3319808188860199,0.3319808188860199,0.0859461453338251,0.1778335119302571,0.0071151045842874
76,balanced,0.31,0.1246176677929661,0.0086655112651646,0.2019064124783362,0.2019064124783362,0.587521663778163,0.1327381614496389,0.0081204936566728
77,healthy,0.92,0.1803638086632461,0.2723985536359984,0.2723985536359984,0.0936118923262354,0.3615910004017678,0.1737824736899802,-0.0065813349732659
77,unhealthy,0.86,0.1583433572072299,0.0048947626040137,0.4405286343612334,0.2227116984826236,0.3318649045521292,0.1724302195073286,0.0140868623000986
77,balanced,0.0,0.129839621756357,0.4405286343612334,0.2227116984826236,0.2227116984826236,0.1140479686735193,0.1456604158522684,0.0158207940959113
78,healthy,0.9,0.1742938837611986,0.250092216894135,0.0859461453338251,0.3319808188860199,0.3319808188860199,0.1842186014073429,0.0099247176461443
78,unhealthy,0.8,0.1636258436261587,0.214828897338403,0.2851711026615969,0.2851711026615969,0.214828897338403,0.195286579682503,0.0316607360563443
78,balanced,0.22,0.1368733667006,0.2310838445807771,0.2310838445807771,0.2310838445807771,0.3067484662576687,0.1509414820103882,0.0140681153097881
79,healthy,0.84,0.1420796522035247,0.272508038585209,0.1828778135048231,0.1828778135048231,0.3617363344051447,0.1630949812525825,0.0210153290490577
79,unhealthy,0.78,0.169032497010073,0.3318649045521292,0.4405286343612334,0.2227116984826235,0.0048947626040137,0.1735139879619507,0.0044814909518776
79,balanced,0.17,0.1366084962472323,0.3319808188860199,0.16783474732571,0.2500922168941349,0.2500922168941349,0.1185748495585463,-0.018033646688686
80,healthy,0.98,0.1385557289448097,0.272508038585209,0.3617363344051446,0.0040192926045016,0.3617363344051446,0.1584948968100376,0.0199391678652279
80,unhealthy,0.97,0.1697275376615899,0.1551312649164677,0.3068530514831231,0.3068530514831231,0.231162632117286,0.193447588598624,0.023720050937034
80,balanced,0.09,0.1584233195767453,0.1457160725453408,0.1457160725453408,0.2845528455284552,0.424015009380863,0.1745995933045701,0.0161762737278247
81,healthy,0.95,0.1539121519305695,0.3306686046511627,0.1693313953488372,0.1693313953488372,0.3306686046511627,0.1837966338433534,0.0298844819127839
81,unhealthy,0.81,0.1437598563771002,0.144215530903328,0.2852614896988906,0.2852614896988906,0.2852614896988906,0.1655249821778996,0.0217651258007993
81,balanced,0.13,0.1380930845170322,0.3319808188860199,0.2500922168941349,0.16783474732571,0.2500922168941349,0.1456790932135507,0.0075860086965185
82,healthy,0.95,0.1767884120345689,0.4405286343612334,0.4405286343612334,0.1140479686735193,0.0048947626040137,0.1946864755214716,0.0178980634869027
82,unhealthy,1.0,0.1317700134742896,0.0859461453338251,0.3319808188860199,0.3319808188860199,0.250092216894135,0.146846911856654,0.0150768983823643
82,balanced,0.25,0.1322189049910853,0.1457160725453408,0.2845528455284552,0.1457160725453408,0.424015009380863,0.1334945831701662,0.0012756781790808
83,healthy,1.0,0.141568966282174,0.3319808188860199,0.0859461453338251,0.250092216894135,0.3319808188860199,0.1530478763183416,0.0114789100361676
83,unhealthy,1.0,0.1327525918407318,0.3068530514831231,0.3068530514831231,0.3068530514831231,0.0794408455506307,0.1651909411381449,0.0324383492974131
83,balanced,0.03,0.125586666089679,0.3319808188860199,0.3319808188860199,0.0859461453338251,0.250092216894135,0.1440677297403605,0.0184810636506814
84,healthy,0.98,0.1281072541209645,0.4887218045112781,0.2502685284640172,0.2502685284640172,0.0107411385606874,0.1564573892246057,0.0283501351036411
84,unhealthy,0.83,0.1722244314697719,0.3318649045521292,0.4405286343612334,0.2227116984826235,0.0048947626040137,0.1841073326379836,0.0118829011682116
84,balanced,0.33,0.1368524926159003,0.1278814489571899,0.1278814489571899,0.37211855104281,0.37211855104281,0.1711557955439002,0.0343033029279998
85,healthy,0.9,0.1499819313220967,0.2723985536359984,0.2723985536359984,0.0936118923262354,0.3615910004017678,0.188527293759197,0.0385453624371003
85,unhealthy,0.79,0.1602691390466058,0.250092216894135,0.16783474732571,0.3319808188860199,0.250092216894135,0.1760259998173176,0.0157568607707118
85,balanced,0.27,0.114930819025899,0.2227116984826236,0.2227116984826236,0.2227116984826236,0.3318649045521292,0.1387073029874491,0.02377648396155
86,healthy,1.0,0.1401477388527807,0.3068530514831231,0.3068530514831231,0.0794408455506307,0.3068530514831231,0.1431785868190193,0.0030308479662385
86,unhealthy,1.0,0.1534364772421189,0.2723985536359984,0.3615910004017678,0.2723985536359984,0.0936118923262354,0.1640669494529122,0.0106304722107932
86,balanced,0.19,0.1209318648546275,0.3318649045521292,0.2227116984826236,0.2227116984826236,0.2227116984826236,0.1247960498819715,0.0038641850273439
87,healthy,1.0,0.1539704538997997,0.3068530514831231,0.0794408455506307,0.3068530514831231,0.3068530514831231,0.190357477353297,0.0363870234534972
87,unhealthy,0.84,0.1528033475355914,0.1828778135048231,0.3617363344051446,0.272508038585209,0.1828778135048231,0.154908755310423,0.0021054077748315
87,balanced,0.02,0.1319921162897184,0.4942339373970346,0.3723228995057661,0.1279516749038989,0.0054914881933003,0.1318765246470013,-0.0001155916427171
88,healthy,1.0,0.1608771192116898,0.2498627127951674,0.1279516749038989,0.1279516749038989,0.4942339373970346,0.1927724435324792,0.0318953243207894
88,unhealthy,0.85,0.176459349084284,0.0794408455506307,0.3068530514831231,0.3068530514831231,0.3068530514831231,0.1869863914428585,0.0105270423585744
88,balanced,0.41,0.1181289104909227,0.3318649045521292,0.4405286343612334,0.0048947626040137,0.2227116984826236,0.1302243688142156,0.0120954583232929
89,healthy,0.92,0.1486851511402418,0.2723985536359984,0.2723985536359984,0.0936118923262354,0.3615910004017678,0.176360030899064,0.0276748797588221
89,unhealthy,0.85,0.152686128623475,0.3318649045521292,0.4405286343612334,0.2227116984826235,0.0048947626040137,0.1810668832507742,0.0283807546272992
89,balanced,0.01,0.1392799887897021,0.3617363344051446,0.272508038585209,0.1828778135048231,0.1828778135048231,0.1558237465589649,0.0165437577692627
90,healthy,0.81,0.1752815447849595,0.2227116984826236,0.0048947626040137,0.3318649045521292,0.4405286343612334,0.1908313590057607,0.0155498142208011
90,unhealthy,0.76,0.1886470573604923,0.16783474732571,0.3319808188860199,0.2500922168941349,0.2500922168941349,0.2017479459133258,0.0131008885528334
90,balanced,0.1,0.1182994129183539,0.424015009380863,0.2845528455284553,0.1457160725453408,0.1457160725453408,0.1423062947887726,0.0240068818704187
91,healthy,1.0,0.1556533796554789,0.3971756398940865,0.3971756398940865,0.1028243601059135,0.1028243601059135,0.1691592665189976,0.0135058868635186
91,unhealthy,0.84,0.1611918065129164,0.1551312649164677,0.3068530514831231,0.3068530514831231,0.231162632117286,0.1460646472721681,-0.0151271592407482
91,balanced,0.0,0.1088239590693932,0.2226027397260273,0.3317025440313111,0.1139921722113502,0.3317025440313111,0.1625469918157996,0.0537230327464063
92,healthy,0.96,0.1472430240950377,0.3319808188860199,0.16783474732571,0.2500922168941349,0.2500922168941349,0.1692835009446115,0.0220404768495737
92,unhealthy,0.91,0.1416302182957952,0.2007943512797881,0.2992056487202118,0.2992056487202118,0.2007943512797881,0.1838517210529566,0.0422215027571613
92,balanced,0.15,0.106741100340893,0.2310838445807771,0.2310838445807771,0.2310838445807771,0.3067484662576687,0.1243971182151525,0.0176560178742594
93,healthy,0.92,0.1336871223487335,0.2851711026615969,0.214828897338403,0.214828897338403,0.2851711026615969,0.1346653172873743,0.0009781949386408
93,unhealthy,0.99,0.1480637013533395,0.3318649045521292,0.4405286343612334,0.2227116984826235,0.0048947626040137,0.1471292085127758,-0.0009344928405637
93,balanced,0.2,0.1205043561182128,0.2227116984826236,0.2227116984826236,0.2227116984826236,0.3318649045521292,0.1351018795199937,0.0145975234017808
94,healthy,1.0,0.146546433633115,0.3068530514831231,0.1551312649164677,0.231162632117286,0.3068530514831231,0.1732490207019117,0.0267025870687967
94,unhealthy,0.83,0.1791805656511485,0.2852614896988906,0.2852614896988906,0.2852614896988906,0.144215530903328,0.2051252662596094,0.0259447006084608
94,balanced,0.04,0.1477957081552657,0.3068530514831231,0.3068530514831231,0.1551312649164677,0.231162632117286,0.1443188985729872,-0.0034768095822784
95,healthy,0.98,0.1600817122837603,0.2723985536359984,0.2723985536359984,0.0936118923262354,0.3615910004017678,0.166634740864709,0.0065530285809486
95,unhealthy,0.77,0.149873786003593,0.2007943512797881,0.2007943512797881,0.2992056487202118,0.2992056487202118,0.2054224305500633,0.0555486445464702
95,balanced,0.05,0.1162134299866547,0.2500922168941349,0.3319808188860199,0.16783474732571,0.2500922168941349,0.1481961627972826,0.0319827328106278
96,healthy,0.97,0.1545675380822304,0.3068530514831231,0.0794408455506307,0.3068530514831231,0.3068530514831231,0.1658327380778741,0.0112651999956436
96,unhealthy,0.83,0.19644410438459,0.0048947626040137,0.4405286343612334,0.2227116984826236,0.3318649045521292,0.1941408888455658,-0.0023032155390242
96,balanced,0.18,0.1338618434469566,0.2500922168941349,0.3319808188860199,0.16783474732571,0.2500922168941349,0.160034433793251,0.0261725903462944
97,healthy,1.0,0.1720366907548254,0.3068530514831231,0.0794408455506307,0.3068530514831231,0.3068530514831231,0.1861453327561738,0.0141086420013483
97,unhealthy,0.85,0.1619077069785315,0.1828778135048231,0.3617363344051446,0.272508038585209,0.1828778135048231,0.1826514240196722,0.0207437170411406
97,balanced,0.98,0.1415373015715488,0.2723985536359984,0.0936118923262354,0.3615910004017678,0.2723985536359984,0.1472381487736932,0.0057008472021443
98,healthy,1.0,0.154568951074199,0.3068530514831231,0.0794408455506307,0.3068530514831231,0.3068530514831231,0.1717591714610193,0.0171902203868203
98,unhealthy,0.85,0.1908701000117433,0.3318649045521292,0.4405286343612334,0.2227116984826235,0.0048947626040137,0.1876793785567696,-0.0031907214549737
98,balanced,0.03,0.133391309696453,0.424015009380863,0.1457160725453408,0.2845528455284553,0.1457160725453408,0.1563666783240334,0.0229753686275804
99,healthy,1.0,0.1533924959520748,0.272508038585209,0.3617363344051446,0.0040192926045016,0.3617363344051446,0.1837497603674782,0.0303572644154033
99,unhealthy,1.0,0.1336414063303264,0.1028243601059135,0.3971756398940865,0.2992056487202118,0.2007943512797881,0.1537786241884897,0.0201372178581632
99,balanced,0.03,0.1220495365600501,0.250092216894135,0.250092216894135,0.16783474732571,0.3319808188860199,0.1553850257888444,0.0333354892287943
